[{"title":"財團法人新北市私立台灣天主教安老院","address":"八里區中山路1段33號","person_in_charge":"顧志珍","tel":"26102034","bed_for_caring":"25","bed_for_nursing":"53","bed_for_longterm":"0","bed_for_azh":"0","twd97X":"292417.64","twd97Y":"2783477.92","wgs84aX":"121.420767669033","wgs84aY":"25.1592060332256"},{"title":"新北市私立長勤老人長期照顧中心（養護型)","address":"三芝區長勤街63號、63 號2樓、63號3樓、63號4樓","person_in_charge":"高唯斯","tel":"26366887","bed_for_caring":"49","bed_for_nursing":"0","bed_for_longterm":"0","bed_for_azh":"0","twd97X":"300351.7","twd97Y":"2794223.66","wgs84aX":"121.499864588596","wgs84aY":"25.255971698308"},{"title":"財團法人台灣基督長老教會雙連教會附設新北市私立雙連安養中心","address":"三芝區後厝里北勢子22-17號","person_in_charge":"薛淑玲","tel":"26365999","bed_for_caring":"154","bed_for_nursing":"212","bed_for_longterm":"0","bed_for_azh":"66","twd97X":"297795.18","twd97Y":"2793668.76","wgs84aX":"121.474466105255","wgs84aY":"25.2510459818111"},{"title":"新北市私立鴻澄老人長期照顧中心(養護型)","address":"三重區三和路2段30號3樓、3樓之1、3樓之2、3樓之3、3樓之4","person_in_charge":"王麗芬","tel":"29791130","bed_for_caring":"35","bed_for_nursing":"0","bed_for_longterm":"0","bed_for_azh":"0","twd97X":"300459.44","twd97Y":"2773368.11","wgs84aX":"121.500165672214","wgs84aY":"25.0676875943635"},{"title":"新北市私立大德老人長期照顧中心(養護型)","address":"三重區三和路4段103-1號4樓","person_in_charge":"許浩崇","tel":"22870889","bed_for_caring":"36","bed_for_nursing":"0","bed_for_longterm":"0","bed_for_azh":"0","twd97X":"299140.98","twd97Y":"2774353.76","wgs84aX":"121.487132390153","wgs84aY":"25.0766294267205"},{"title":"新北市私立長庚老人長期照顧中心（養護型）","address":"三重區三和路4段95之1號2樓、3樓","person_in_charge":"黃淑貞","tel":"22819099","bed_for_caring":"29","bed_for_nursing":"0","bed_for_longterm":"0","bed_for_azh":"0","twd97X":"299240.06","twd97Y":"2774290.78","wgs84aX":"121.488112273408","wgs84aY":"25.076057641523"},{"title":"新北市私立頤慶老人長期照顧中心（養護型）","address":"三重區光明路67之6號","person_in_charge":"曾冠誌","tel":"89723269","bed_for_caring":"13","bed_for_nursing":"0","bed_for_longterm":"0","bed_for_azh":"0","twd97X":"299641.69","twd97Y":"2772188.22","wgs84aX":"121.492017633193","wgs84aY":"25.0570625834383"},{"title":"新北市私立豐禾老人長期照顧中心(養護型)","address":"三重區成功路79號1樓-5樓","person_in_charge":"陳靜琴","tel":"89720166","bed_for_caring":"45","bed_for_nursing":"0","bed_for_longterm":"0","bed_for_azh":"0","twd97X":"299309.81","twd97Y":"2771547.21","wgs84aX":"121.488705469153","wgs84aY":"25.0512864140777"},{"title":"新北市私立靜園老人長期照顧中心(養護型)","address":"三重區成功路97號10樓","person_in_charge":"陳冠榮","tel":"89731580","bed_for_caring":"49","bed_for_nursing":"0","bed_for_longterm":"0","bed_for_azh":"0","twd97X":"299249.16","twd97Y":"2771583.79","wgs84aX":"121.488105626694","wgs84aY":"25.051618655372"},{"title":"新北市私立今光愛心老人養護中心","address":"三重區成功路97號2樓","person_in_charge":"廖朝生","tel":"29768888","bed_for_caring":"48","bed_for_nursing":"0","bed_for_longterm":"0","bed_for_azh":"0","twd97X":"299249.16","twd97Y":"2771583.79","wgs84aX":"121.488105626694","wgs84aY":"25.051618655372"},{"title":"新北市私立大安老人長期照顧中心（養護型）","address":"三重區自強路4段110號3樓","person_in_charge":"杜克堅","tel":"89819911","bed_for_caring":"24","bed_for_nursing":"0","bed_for_longterm":"0","bed_for_azh":"0","twd97X":"299576.45","twd97Y":"2774728.53","wgs84aX":"121.491462620691","wgs84aY":"25.0799985677076"},{"title":"新北市私立祐安老人長期照顧中心（養護型）","address":"三重區自強路4段6號3樓","person_in_charge":"黃鼎晉","tel":"22866311","bed_for_caring":"49","bed_for_nursing":"0","bed_for_longterm":"0","bed_for_azh":"0","twd97X":"299259.91","twd97Y":"2774309.02","wgs84aX":"121.488309728758","wgs84aY":"25.0762216452648"},{"title":"新北市私立沐心老人長期照顧中心（養護型）","address":"三重區重新路5段635之2號、635之2號2樓、635之2號3樓","person_in_charge":"王寶琇","tel":"29990737","bed_for_caring":"46","bed_for_nursing":"0","bed_for_longterm":"0","bed_for_azh":"0","twd97X":"297140.6","twd97Y":"2770700.51","wgs84aX":"121.467178152165","wgs84aY":"25.0437115953834"},{"title":"新北市私立圓滿老人長期照顧中心（養護型）","address":"三重區重新路5段639號10樓、639之1號10樓","person_in_charge":"冉宜民","tel":"29998867","bed_for_caring":"39","bed_for_nursing":"0","bed_for_longterm":"0","bed_for_azh":"0","twd97X":"297101.88","twd97Y":"2770666.73","wgs84aX":"121.466793306485","wgs84aY":"25.0434078483642"},{"title":"新北市私立蓮愛老人養護中心","address":"三重區溪尾街41號2樓","person_in_charge":"王述軍","tel":"29896770","bed_for_caring":"32","bed_for_nursing":"0","bed_for_longterm":"0","bed_for_azh":"0","twd97X":"299558.02","twd97Y":"2774300.34","wgs84aX":"121.491264460097","wgs84aY":"25.0761334769781"},{"title":"新北市私立安泰老人長期照顧中心（養護型）","address":"三重區福德北路4號3樓、4樓","person_in_charge":"周見賢","tel":"29737632","bed_for_caring":"30","bed_for_nursing":"0","bed_for_longterm":"0","bed_for_azh":"0","twd97X":"300678.55","twd97Y":"2772988.49","wgs84aX":"121.502323558704","wgs84aY":"25.064253009424"},{"title":"新北市私立長園老人長期照顧中心(養護型)","address":"三重區龍門路1號3樓、3樓之1","person_in_charge":"洪斌峰","tel":"29860063","bed_for_caring":"46","bed_for_nursing":"0","bed_for_longterm":"0","bed_for_azh":"0","twd97X":"299920.03","twd97Y":"2773734","wgs84aX":"121.494832358114","wgs84aY":"25.0710087303965"},{"title":"新北市私立慈恩老人長期照顧中心(養護型)","address":"三峽區大利路2號(1、2層)、4號、6號2樓","person_in_charge":"林英哲","tel":"26738500","bed_for_caring":"45","bed_for_nursing":"0","bed_for_longterm":"0","bed_for_azh":"0","twd97X":"287009.65","twd97Y":"2756029.35","wgs84aX":"121.366386469884","wgs84aY":"24.911538840994"},{"title":"新北市私立安康老人長期照顧中心（養護型）","address":"三峽區中華路22號3樓之3","person_in_charge":"鄭淑芬","tel":"86719488","bed_for_caring":"31","bed_for_nursing":"0","bed_for_longterm":"0","bed_for_azh":"0","twd97X":"287790.52","twd97Y":"2758370.11","wgs84aX":"121.374180518515","wgs84aY":"24.9326527506744"},{"title":"新北市私立清安養老院老人長期照顧中心(養護型)","address":"三峽區介壽路1段278號3樓","person_in_charge":"陳少宜","tel":"86722809","bed_for_caring":"48","bed_for_nursing":"0","bed_for_longterm":"0","bed_for_azh":"0","twd97X":"288363.53","twd97Y":"2757983.92","wgs84aX":"121.37984340295","wgs84aY":"24.9291517645318"},{"title":"新北市私立清平養老院老人長期照顧中心（養護型）","address":"三峽區介壽路1段278號4樓","person_in_charge":"陳意春","tel":"86725678","bed_for_caring":"48","bed_for_nursing":"0","bed_for_longterm":"0","bed_for_azh":"0","twd97X":"288363.53","twd97Y":"2757983.92","wgs84aX":"121.37984340295","wgs84aY":"24.9291517645318"},{"title":"新北市私立清心養老院老人長期照顧中心（養護型）","address":"三峽區介壽路1段278號5樓","person_in_charge":"許月瑛","tel":"86721354","bed_for_caring":"48","bed_for_nursing":"0","bed_for_longterm":"0","bed_for_azh":"0","twd97X":"288363.53","twd97Y":"2757983.92","wgs84aX":"121.37984340295","wgs84aY":"24.9291517645318"},{"title":"新北市私立清氣養老院老人長期照顧中心（養護型）","address":"三峽區介壽路1段278號6樓","person_in_charge":"盧蕓華","tel":"86721354","bed_for_caring":"48","bed_for_nursing":"0","bed_for_longterm":"0","bed_for_azh":"0","twd97X":"288363.53","twd97Y":"2757983.92","wgs84aX":"121.37984340295","wgs84aY":"24.9291517645318"},{"title":"新北市私立清福養老院老人長期照顧中心（養護型）","address":"三峽區介壽路1段278號7樓","person_in_charge":"洪佳穗","tel":"86725678","bed_for_caring":"48","bed_for_nursing":"0","bed_for_longterm":"0","bed_for_azh":"0","twd97X":"288363.53","twd97Y":"2757983.92","wgs84aX":"121.37984340295","wgs84aY":"24.9291517645318"},{"title":"新北市私立清景養老院老人長期照顧中心(養護型)","address":"三峽區介壽路1段280號3樓","person_in_charge":"陳如山","tel":"86725678","bed_for_caring":"48","bed_for_nursing":"0","bed_for_longterm":"0","bed_for_azh":"0","twd97X":"288367.76","twd97Y":"2757972.28","wgs84aX":"121.379884995015","wgs84aY":"24.9290465536238"},{"title":"新北市私立清風養老院老人長期照顧中心(養護型)","address":"三峽區介壽路1段280號4樓","person_in_charge":"陳文堯","tel":"86725678","bed_for_caring":"48","bed_for_nursing":"0","bed_for_longterm":"0","bed_for_azh":"0","twd97X":"288367.76","twd97Y":"2757972.28","wgs84aX":"121.379884995015","wgs84aY":"24.9290465536238"},{"title":"新北市私立清照養老院老人長期照顧中心(養護型)","address":"三峽區介壽路1段280號5樓","person_in_charge":"施定宏","tel":"86725678","bed_for_caring":"48","bed_for_nursing":"0","bed_for_longterm":"0","bed_for_azh":"0","twd97X":"288367.76","twd97Y":"2757972.28","wgs84aX":"121.379884995015","wgs84aY":"24.9290465536238"},{"title":"新北市私立清日養老院老人長期照顧中心(養護型)","address":"三峽區介壽路1段280號6樓","person_in_charge":"陳意星","tel":"86722937","bed_for_caring":"48","bed_for_nursing":"0","bed_for_longterm":"0","bed_for_azh":"0","twd97X":"288367.76","twd97Y":"2757972.28","wgs84aX":"121.379884995015","wgs84aY":"24.9290465536238"},{"title":"新北市私立清春養老院老人長期照顧中心（養護型）","address":"三峽區介壽路1段280號7樓","person_in_charge":"陳文堯","tel":"86726395","bed_for_caring":"48","bed_for_nursing":"0","bed_for_longterm":"0","bed_for_azh":"0","twd97X":"288367.76","twd97Y":"2757972.28","wgs84aX":"121.379884995015","wgs84aY":"24.9290465536238"},{"title":"新北市私立清涼養老院老人長期照顧中心(養護型)","address":"三峽區介壽路1段286號3樓","person_in_charge":"許月瑛","tel":"86725678","bed_for_caring":"48","bed_for_nursing":"0","bed_for_longterm":"0","bed_for_azh":"0","twd97X":"288397.93","twd97Y":"2757970.96","wgs84aX":"121.380183596676","wgs84aY":"24.9290338486482"},{"title":"新北市私立清清養老院老人長期照顧中心(養護型)","address":"三峽區介壽路1段286號4樓","person_in_charge":"盧蕓華","tel":"86725678","bed_for_caring":"48","bed_for_nursing":"0","bed_for_longterm":"0","bed_for_azh":"0","twd97X":"288397.93","twd97Y":"2757970.96","wgs84aX":"121.380183596676","wgs84aY":"24.9290338486482"},{"title":"新北市私立清水養老院老人長期照顧中心(養護型)","address":"三峽區介壽路1段286號5樓","person_in_charge":"洪佳穗","tel":"86725678","bed_for_caring":"48","bed_for_nursing":"0","bed_for_longterm":"0","bed_for_azh":"0","twd97X":"288397.93","twd97Y":"2757970.96","wgs84aX":"121.380183596676","wgs84aY":"24.9290338486482"},{"title":"新北市私立清泉養老院老人長期照顧中心 (養護型)","address":"三峽區介壽路1段286號6樓","person_in_charge":"陳意千","tel":"86725678","bed_for_caring":"48","bed_for_nursing":"0","bed_for_longterm":"0","bed_for_azh":"0","twd97X":"288397.93","twd97Y":"2757970.96","wgs84aX":"121.380183596676","wgs84aY":"24.9290338486482"},{"title":"新北市私立清山養老院老人長期照顧中心（養護型）","address":"三峽區介壽路1段286號7樓","person_in_charge":"陳意峰","tel":"86725678","bed_for_caring":"48","bed_for_nursing":"0","bed_for_longterm":"0","bed_for_azh":"0","twd97X":"288397.93","twd97Y":"2757970.96","wgs84aX":"121.380183596676","wgs84aY":"24.9290338486482"},{"title":"新北市私立衡安老人長期照顧中心（養護型）","address":"三峽區文化路59巷7號之2、8樓之2","person_in_charge":"徐慶鍾","tel":"86711558","bed_for_caring":"49","bed_for_nursing":"0","bed_for_longterm":"0","bed_for_azh":"0","twd97X":"287597.38","twd97Y":"2758730.64","wgs84aX":"121.372278019834","wgs84aY":"24.9359124545144"},{"title":"新北市私立安新老人長期照顧中心（養護型）","address":"三峽區民生街83號4樓、85號4樓、85號5樓","person_in_charge":"鄭淑芬","tel":"86710158","bed_for_caring":"49","bed_for_nursing":"0","bed_for_longterm":"0","bed_for_azh":"0","twd97X":"287854","twd97Y":"2758712.04","wgs84aX":"121.374818460638","wgs84aY":"24.9357381441518"},{"title":"新北市私立主恩福老人長期照顧中心(養護型)","address":"三峽區和平街65-5、65-7號、65-4號2樓之1","person_in_charge":"張旭廷","tel":"86713896","bed_for_caring":"47","bed_for_nursing":"0","bed_for_longterm":"0","bed_for_azh":"0","twd97X":"287378.77","twd97Y":"2758805.95","wgs84aX":"121.370115441228","wgs84aY":"24.9365977399849"},{"title":"新北市私立廣春老人長期照顧中心(養護型)","address":"三峽區復興路176號2樓","person_in_charge":"劉建均","tel":"86715396","bed_for_caring":"40","bed_for_nursing":"0","bed_for_longterm":"0","bed_for_azh":"0","twd97X":"287416.74","twd97Y":"2759039.5","wgs84aX":"121.370497761937","wgs84aY":"24.9387053809105"},{"title":"新北市私立鴻欣老人長期照顧中心（養護型）","address":"三峽區復興路176號3樓","person_in_charge":"劉宜棟","tel":"86715396","bed_for_caring":"40","bed_for_nursing":"0","bed_for_longterm":"0","bed_for_azh":"0","twd97X":"287416.74","twd97Y":"2759039.5","wgs84aX":"121.370497761937","wgs84aY":"24.9387053809105"},{"title":"新北市私立智理老人長期照顧中心（養護型）","address":"三峽區復興路1號3樓之2","person_in_charge":"周士揚","tel":"26741007","bed_for_caring":"15","bed_for_nursing":"0","bed_for_longterm":"0","bed_for_azh":"0","twd97X":"287815.83","twd97Y":"2758685.79","wgs84aX":"121.37443977181","wgs84aY":"24.9355021695515"},{"title":"新北市私立同心老人養護中心","address":"土城區中央路4段127號9樓、9樓之1、10樓、10樓之1、11樓之1","person_in_charge":"林偉峰","tel":"22673230","bed_for_caring":"48","bed_for_nursing":"0","bed_for_longterm":"0","bed_for_azh":"0","twd97X":"292030.06","twd97Y":"2761128.65","wgs84aX":"121.416241022587","wgs84aY":"24.9574461105266"},{"title":"新北市私立博楷老人長期照顧中心（養護型）","address":"土城區中央路4段84號2樓、84號3樓、86巷2號、86巷2號2樓、86巷2號3樓、88號、88號2樓、88號3樓、90號3樓","person_in_charge":"許旭隆","tel":"22672952","bed_for_caring":"47","bed_for_nursing":"0","bed_for_longterm":"0","bed_for_azh":"0","twd97X":"292581","twd97Y":"2761588","wgs84aX":"121.421711161","wgs84aY":"24.9615778579"},{"title":"新北市私立博群老人長期照顧中心（養護型）","address":"土城區中央路4段84號4樓、84號5樓、86巷2號4樓、86巷2號5樓、88號4樓、88號5樓、90號4樓、90號5樓","person_in_charge":"許博鈞","tel":"22677356","bed_for_caring":"47","bed_for_nursing":"0","bed_for_longterm":"0","bed_for_azh":"0","twd97X":"292581","twd97Y":"2761588","wgs84aX":"121.421711161","wgs84aY":"24.9615778579"},{"title":"新北市私立連馨老人長期照顧中心（養護型）","address":"土城區中正路2號3樓","person_in_charge":"連雅萍","tel":"22635701","bed_for_caring":"49","bed_for_nursing":"0","bed_for_longterm":"0","bed_for_azh":"0","twd97X":"294657.36","twd97Y":"2763070.66","wgs84aX":"121.442322272464","wgs84aY":"24.9749038563102"},{"title":"新北市私立迦勒老人長期照顧中心（養護型）","address":"土城區延壽路9號(1樓、2樓)","person_in_charge":"林美燕","tel":"82621966","bed_for_caring":"38","bed_for_nursing":"0","bed_for_longterm":"0","bed_for_azh":"0","twd97X":"297577.56","twd97Y":"2764790.01","wgs84aX":"121.47130474295","wgs84aY":"24.9903376052541"},{"title":"新北市私立大眾老人養護中心","address":"土城區清水路114號2樓","person_in_charge":"莊潘彩雲","tel":"22749920","bed_for_caring":"31","bed_for_nursing":"0","bed_for_longterm":"0","bed_for_azh":"0","twd97X":"296242","twd97Y":"2763807.23","wgs84aX":"121.458042098088","wgs84aY":"24.9815062828363"},{"title":"新北市私立永泰老人養護中心","address":"中和區中山路2段101號1樓-4樓","person_in_charge":"謝文化","tel":"22445950","bed_for_caring":"20","bed_for_nursing":"0","bed_for_longterm":"0","bed_for_azh":"0","twd97X":"300801.71","twd97Y":"2766305.91","wgs84aX":"121.50329801858","wgs84aY":"25.003918642604"},{"title":"新北市私立雙和老人長期照顧中心（養護型）","address":"中和區中山路2段133號2樓","person_in_charge":"顏詩庭","tel":"82458280","bed_for_caring":"34","bed_for_nursing":"0","bed_for_longterm":"0","bed_for_azh":"0","twd97X":"300698.52","twd97Y":"2766211.19","wgs84aX":"121.502272282689","wgs84aY":"25.0030669549303"},{"title":"新北市私立慈美老人養護中心","address":"中和區中山路2段315巷2號6樓","person_in_charge":"張美素","tel":"22467727","bed_for_caring":"49","bed_for_nursing":"0","bed_for_longterm":"0","bed_for_azh":"0","twd97X":"299867.18","twd97Y":"2766065.24","wgs84aX":"121.494031146736","wgs84aY":"25.0017768496598"},{"title":"新北市私立合樂老人長期照顧中心（養護型）","address":"中和區中山路2段327巷11弄17號3樓","person_in_charge":"林淑美","tel":"82458130","bed_for_caring":"39","bed_for_nursing":"0","bed_for_longterm":"0","bed_for_azh":"0","twd97X":"299793.89","twd97Y":"2765882.41","wgs84aX":"121.493298501604","wgs84aY":"25.0001286869507"},{"title":"新北市私立和樂老人長期照顧中心（養護型）","address":"中和區中山路2段327巷11弄17號5樓","person_in_charge":"林淑美","tel":"82458131","bed_for_caring":"39","bed_for_nursing":"0","bed_for_longterm":"0","bed_for_azh":"0","twd97X":"299793.89","twd97Y":"2765882.41","wgs84aX":"121.493298501604","wgs84aY":"25.0001286869507"},{"title":"新北市私立闔樂老人長期照顧中心(養護型)","address":"中和區中山路2段327巷1號2樓","person_in_charge":"蕭美寧","tel":"22422502","bed_for_caring":"49","bed_for_nursing":"0","bed_for_longterm":"0","bed_for_azh":"0","twd97X":"299803.95","twd97Y":"2766041.16","wgs84aX":"121.493403827566","wgs84aY":"25.0015615588397"},{"title":"新北市私立忠祥老人長期照顧中心（養護型）","address":"中和區中山路2段327巷1號4樓","person_in_charge":"蘇孟枝","tel":"22473386","bed_for_caring":"41","bed_for_nursing":"0","bed_for_longterm":"0","bed_for_azh":"0","twd97X":"299803.95","twd97Y":"2766041.16","wgs84aX":"121.493403827566","wgs84aY":"25.0015615588397"},{"title":"新北市私立逢海老人長期照顧中心（養護型）","address":"中和區中山路2段327巷1號5樓","person_in_charge":"秦嗣文","tel":"22451915","bed_for_caring":"49","bed_for_nursing":"0","bed_for_longterm":"0","bed_for_azh":"0","twd97X":"299803.95","twd97Y":"2766041.16","wgs84aX":"121.493403827566","wgs84aY":"25.0015615588397"},{"title":"新北市私立逢源老人長期照顧中心(養護型）","address":"中和區中山路2段327巷9號3樓","person_in_charge":"周素梅","tel":"22450139","bed_for_caring":"49","bed_for_nursing":"0","bed_for_longterm":"0","bed_for_azh":"0","twd97X":"299807.39","twd97Y":"2765975.01","wgs84aX":"121.493435517269","wgs84aY":"25.0009642776611"},{"title":"新北市私立福泰老人老人長期照顧中心（養護型）","address":"中和區中山路2段371號4樓","person_in_charge":"張志祥","tel":"22233325","bed_for_caring":"43","bed_for_nursing":"0","bed_for_longterm":"0","bed_for_azh":"0","twd97X":"299193.84","twd97Y":"2766380.14","wgs84aX":"121.487371799588","wgs84aY":"25.0046418078799"},{"title":"新北市私立中原老人長期照顧中心（養護型）","address":"中和區中山路2段560號6樓、6樓之1","person_in_charge":"甯皓筠","tel":"22286187","bed_for_caring":"42","bed_for_nursing":"0","bed_for_longterm":"0","bed_for_azh":"0","twd97X":"298775.62","twd97Y":"2766447.45","wgs84aX":"121.483230917045","wgs84aY":"25.0052630116956"},{"title":"新北市私立一德老人長期照顧中心（養護型）","address":"中和區中山路2段560號7樓","person_in_charge":"鍾昭明","tel":"22286655","bed_for_caring":"42","bed_for_nursing":"0","bed_for_longterm":"0","bed_for_azh":"0","twd97X":"298775.62","twd97Y":"2766447.45","wgs84aX":"121.483230917045","wgs84aY":"25.0052630116956"},{"title":"新北市私立皇佳老人長期照顧中心（養護型）","address":"中和區中山路2段562號10樓","person_in_charge":"黃伯超","tel":"22286187","bed_for_caring":"42","bed_for_nursing":"0","bed_for_longterm":"0","bed_for_azh":"0","twd97X":"298757.1","twd97Y":"2766440.31","wgs84aX":"121.483047180265","wgs84aY":"25.0051991130854"},{"title":"新北市私立怡安老人長期照顧中心（養護型）","address":"中和區中正路770號5樓","person_in_charge":"許修齊","tel":"82213542","bed_for_caring":"47","bed_for_nursing":"0","bed_for_longterm":"0","bed_for_azh":"0","twd97X":"298986.51","twd97Y":"2765844.83","wgs84aX":"121.485298839945","wgs84aY":"24.999815706864"},{"title":"新北市私立怡和老人長期照顧中心（養護型）","address":"中和區中正路772號5樓","person_in_charge":"劉江裕","tel":"82213540","bed_for_caring":"47","bed_for_nursing":"0","bed_for_longterm":"0","bed_for_azh":"0","twd97X":"298985.45","twd97Y":"2765857.01","wgs84aX":"121.48528878685","wgs84aY":"24.9999257109347"},{"title":"新北市私立慈和老人長期照顧中心（養護型）","address":"中和區中正路909號2樓","person_in_charge":"宋燕凌","tel":"22212393","bed_for_caring":"32","bed_for_nursing":"0","bed_for_longterm":"0","bed_for_azh":"0","twd97X":"298808.16","twd97Y":"2766578.42","wgs84aX":"121.483557955687","wgs84aY":"25.0064443561971"},{"title":"新北市私立慈安老人長期照顧中心（養護型）","address":"中和區中正路909號3樓","person_in_charge":"宋王素娥","tel":"22212393","bed_for_caring":"32","bed_for_nursing":"0","bed_for_longterm":"0","bed_for_azh":"0","twd97X":"298808.16","twd97Y":"2766578.42","wgs84aX":"121.483557955687","wgs84aY":"25.0064443561971"},{"title":"新北市私立双慈老人長期照顧中心（養護型）","address":"中和區中正路909號5樓","person_in_charge":"吳佳鈴","tel":"82286093","bed_for_caring":"36","bed_for_nursing":"0","bed_for_longterm":"0","bed_for_azh":"0","twd97X":"298808.16","twd97Y":"2766578.42","wgs84aX":"121.483557955687","wgs84aY":"25.0064443561971"},{"title":"新北市私立禾藝老人長期照顧中心（養護型）","address":"中和區中正路909號7樓","person_in_charge":"林瑞明","tel":"22226268","bed_for_caring":"32","bed_for_nursing":"0","bed_for_longterm":"0","bed_for_azh":"0","twd97X":"298808.16","twd97Y":"2766578.42","wgs84aX":"121.483557955687","wgs84aY":"25.0064443561971"},{"title":"新北市私立連城老人長期照顧中心（養護型）","address":"中和區板南路335號4樓、337號4樓","person_in_charge":"游瑞堂","tel":"22479996","bed_for_caring":"48","bed_for_nursing":"0","bed_for_longterm":"0","bed_for_azh":"0","twd97X":"299859.64","twd97Y":"2765650.37","wgs84aX":"121.493941415899","wgs84aY":"24.998031664155"},{"title":"新北市私立美馨老人長期照顧中心（養護型）","address":"中和區板南路337號5樓","person_in_charge":"周素蓮","tel":"22451915","bed_for_caring":"28","bed_for_nursing":"0","bed_for_longterm":"0","bed_for_azh":"0","twd97X":"299850.11","twd97Y":"2765666.51","wgs84aX":"121.493847640298","wgs84aY":"24.9981776873979"},{"title":"新北市私立瑞祥老人長期照顧中心(養護型)","address":"中和區建一路87號3樓","person_in_charge":"林瑞祥","tel":"22289691","bed_for_caring":"41","bed_for_nursing":"0","bed_for_longterm":"0","bed_for_azh":"0","twd97X":"299276.13","twd97Y":"2766138.05","wgs84aX":"121.488178354311","wgs84aY":"25.0024535016208"},{"title":"新北市私立永順老人養護中心","address":"中和區建康路2號5樓、2之2號5樓","person_in_charge":"蘇旭志","tel":"32340828","bed_for_caring":"47","bed_for_nursing":"0","bed_for_longterm":"0","bed_for_azh":"0","twd97X":"299021.44","twd97Y":"2765871.95","wgs84aX":"121.485645788074","wgs84aY":"25.0000594231917"},{"title":"新北市私立展欣老人長期照顧中心（養護型）","address":"中和區員山路506號2樓","person_in_charge":"朱台玉","tel":"22267373","bed_for_caring":"41","bed_for_nursing":"0","bed_for_longterm":"0","bed_for_azh":"0","twd97X":"298388.53","twd97Y":"2766818.71","wgs84aX":"121.479409094701","wgs84aY":"25.0086271910019"},{"title":"新北市私立享居老人長期照顧中心（養護型）","address":"中和區員山路506號6樓","person_in_charge":"謝淑純","tel":"22250966","bed_for_caring":"46","bed_for_nursing":"0","bed_for_longterm":"0","bed_for_azh":"0","twd97X":"298388.53","twd97Y":"2766818.71","wgs84aX":"121.479409094701","wgs84aY":"25.0086271910019"},{"title":"新北市私立仁安老人長期照顧中心（養護型）","address":"中和區連城路164號2樓","person_in_charge":"廖貞婷","tel":"22481617","bed_for_caring":"37","bed_for_nursing":"0","bed_for_longterm":"0","bed_for_azh":"0","twd97X":"299864.13","twd97Y":"2765634.76","wgs84aX":"121.493985410234","wgs84aY":"24.9978905847667"},{"title":"新北市私立仁和老人長期照顧中心（養護型）","address":"中和區連城路164號4樓、164之2號4樓","person_in_charge":"廖茂良","tel":"22481607","bed_for_caring":"40","bed_for_nursing":"0","bed_for_longterm":"0","bed_for_azh":"0","twd97X":"299864.13","twd97Y":"2765634.76","wgs84aX":"121.493985410234","wgs84aY":"24.9978905847667"},{"title":"新北市私立慈愛老人長期照顧中心（養護型）","address":"中和區連城路222巷2弄8號5樓","person_in_charge":"葉人豪","tel":"22430331","bed_for_caring":"30","bed_for_nursing":"0","bed_for_longterm":"0","bed_for_azh":"0","twd97X":"299636.35","twd97Y":"2765550.51","wgs84aX":"121.491725840814","wgs84aY":"24.997137452455"},{"title":"新北市私立祥逸老人長期照顧中心（養護型）","address":"中和區景平路726-8號、726-6號2樓之1、726-6號2樓之2、726-6號2樓之3","person_in_charge":"周素梅","tel":"82453559","bed_for_caring":"30","bed_for_nursing":"0","bed_for_longterm":"0","bed_for_azh":"0","twd97X":"300142.86","twd97Y":"2766237.14","wgs84aX":"121.496768413571","wgs84aY":"25.0033197086449"},{"title":"新北市私立宜安老人長期照顧中心（養護型）","address":"中和區景安路48號7樓","person_in_charge":"黃明發","tel":"22409304","bed_for_caring":"47","bed_for_nursing":"0","bed_for_longterm":"0","bed_for_azh":"0","twd97X":"301155.35","twd97Y":"2765653.91","wgs84aX":"121.506777351361","wgs84aY":"24.9980204805739"},{"title":"新北市私立御林園老人長期照顧中心（養護型）","address":"中和區圓通路367巷33弄6號","person_in_charge":"儲明哲","tel":"22492772","bed_for_caring":"19","bed_for_nursing":"0","bed_for_longterm":"0","bed_for_azh":"0","twd97X":"299852.69","twd97Y":"2764212.8","wgs84aX":"121.493820748007","wgs84aY":"24.9850534363355"},{"title":"新北市私立中山老人長期照顧中心（養護型）","address":"中和區橋安街6號2、3樓","person_in_charge":"朱立忠","tel":"22438323","bed_for_caring":"24","bed_for_nursing":"0","bed_for_longterm":"0","bed_for_azh":"0","twd97X":"299752.47","twd97Y":"2766266.69","wgs84aX":"121.492902004465","wgs84aY":"25.0035993125697"},{"title":"新北市私立五股愛心老人長期照顧中心（養護型）","address":"五股區成泰路2段5號、5號2樓、5號3樓、5號4樓、7號2樓、7號3樓、7號4樓、9號2樓、9號3樓、9號4樓","person_in_charge":"余素欣","tel":"22936066","bed_for_caring":"48","bed_for_nursing":"0","bed_for_longterm":"0","bed_for_azh":"0","twd97X":"294073.14","twd97Y":"2774858.94","wgs84aX":"121.436912559448","wgs84aY":"25.0813465266848"},{"title":"新北市私立再芳老人長期照顧中心（養護型）","address":"五股區成泰路4段10號3樓之2","person_in_charge":"陳丁福","tel":"22923158","bed_for_caring":"39","bed_for_nursing":"0","bed_for_longterm":"0","bed_for_azh":"0","twd97X":"295714.91","twd97Y":"2777631.18","wgs84aX":"121.453279817665","wgs84aY":"25.1063255313348"},{"title":"新北市私立明泰老人長期照顧中心（養護型）","address":"五股區成泰路4段10號3樓之3","person_in_charge":"石明瑋","tel":"22930992","bed_for_caring":"35","bed_for_nursing":"0","bed_for_longterm":"0","bed_for_azh":"0","twd97X":"295714.91","twd97Y":"2777631.18","wgs84aX":"121.453279817665","wgs84aY":"25.1063255313348"},{"title":"新北市私立松永老人長期照顧中心（養護型）","address":"永和區中正路455號8樓、8樓之1、8樓之2、8樓之3、8樓之4、8樓之5、8樓之6","person_in_charge":"李秋龍","tel":"29237197","bed_for_caring":"47","bed_for_nursing":"0","bed_for_longterm":"0","bed_for_azh":"0","twd97X":"302181.15","twd97Y":"2766507.54","wgs84aX":"121.516971493589","wgs84aY":"25.0056920383056"},{"title":"新北市私立寶貝爹娘老人長期照顧中心（養護型）","address":"永和區中正路588號4樓","person_in_charge":"陳建瑞","tel":"29230306","bed_for_caring":"48","bed_for_nursing":"0","bed_for_longterm":"0","bed_for_azh":"0","twd97X":"302198.85","twd97Y":"2766634.03","wgs84aX":"121.517151624809","wgs84aY":"25.006833424502"},{"title":"新北市私立宏德老人長期照顧中心（養護型）","address":"永和區永平路81巷2號(2層)、4號(2層)、12號2樓(2層)","person_in_charge":"魏嘉源","tel":"29231336","bed_for_caring":"47","bed_for_nursing":"0","bed_for_longterm":"0","bed_for_azh":"0","twd97X":"301630.15","twd97Y":"2766789.12","wgs84aX":"121.511523273609","wgs84aY":"25.0082530499745"},{"title":"新北市私立育昇老人長期照顧中心（養護型）","address":"永和區永和路1段57號（5至8層）","person_in_charge":"張吉雄","tel":"29261199","bed_for_caring":"49","bed_for_nursing":"0","bed_for_longterm":"0","bed_for_azh":"0","twd97X":"301770.89","twd97Y":"2766625.42","wgs84aX":"121.51291149994","wgs84aY":"25.0067703931112"},{"title":"新北市私立永恩老人長期照顧中心（養護型）","address":"永和區永和路2段209號4樓","person_in_charge":"陳建忠","tel":"29283862","bed_for_caring":"48","bed_for_nursing":"0","bed_for_longterm":"0","bed_for_azh":"0","twd97X":"302016.78","twd97Y":"2767409.74","wgs84aX":"121.515377074545","wgs84aY":"25.0138427798184"},{"title":"新北市私立永康老人長期照顧中心（養護型）","address":"永和區永和路2段209號5樓","person_in_charge":"郭仕慧","tel":"29283862","bed_for_caring":"48","bed_for_nursing":"0","bed_for_longterm":"0","bed_for_azh":"0","twd97X":"302016.78","twd97Y":"2767409.74","wgs84aX":"121.515377074545","wgs84aY":"25.0138427798184"},{"title":"新北市私立寶安老人長期照顧心（養護型）","address":"永和區竹林路73號2樓、3樓","person_in_charge":"呂榮哲","tel":"89281517","bed_for_caring":"47","bed_for_nursing":"0","bed_for_longterm":"0","bed_for_azh":"0","twd97X":"302359.87","twd97Y":"2767363.84","wgs84aX":"121.51877452204","wgs84aY":"25.0134166074006"},{"title":"新北市私立人益老人長期照顧中心（養護型）","address":"永和區福和路149號3樓、149號4樓、151號5樓","person_in_charge":"羅培仁","tel":"29222175","bed_for_caring":"39","bed_for_nursing":"0","bed_for_longterm":"0","bed_for_azh":"0","twd97X":"302547.63","twd97Y":"2766725.75","wgs84aX":"121.520610467835","wgs84aY":"25.0076494287553"},{"title":"新北市私立福和老人長期照顧中心(養護型)","address":"永和區福和路160號2樓","person_in_charge":"劉景文","tel":"89277187","bed_for_caring":"19","bed_for_nursing":"0","bed_for_longterm":"0","bed_for_azh":"0","twd97X":"302621.05","twd97Y":"2766757.11","wgs84aX":"121.521339070175","wgs84aY":"25.0079299337497"},{"title":"財團法人臺北市私立恆安老人長期照顧中心(長期照護型)附設新北市私立大同老人長期照顧中心(養護型)","address":"汐止區大同路3段425號3樓、4樓","person_in_charge":"胡世賢","tel":"86488388","bed_for_caring":"196","bed_for_nursing":"0","bed_for_longterm":"0","bed_for_azh":"0","twd97X":"318372.6","twd97Y":"2773888.39","wgs84aX":"121.677742479605","wgs84aY":"25.0716801784448"},{"title":"財團法人中華文化社會福利事業基金會附設新北市私立翠柏新村老人安養中心","address":"汐止區永春一路5號","person_in_charge":"張正中","tel":"26451001-4","bed_for_caring":"0","bed_for_nursing":"462","bed_for_longterm":"50","bed_for_azh":"0","twd97X":"310751.64","twd97Y":"2778362.37","wgs84aX":"121.602401038007","wgs84aY":"25.1123959132157"},{"title":"新北市私立健銓老人長期照顧中心(養護型)","address":"汐止區和平街8號四樓","person_in_charge":"郭維銓","tel":"26422467","bed_for_caring":"40","bed_for_nursing":"0","bed_for_longterm":"0","bed_for_azh":"0","twd97X":"316909.56","twd97Y":"2773789.03","wgs84aX":"121.66323600153","wgs84aY":"25.070848690379"},{"title":"新北市私立慈惠老人長期照顧中心(養護型)","address":"汐止區忠孝東路351號11樓之2","person_in_charge":"吳維平","tel":"86481959","bed_for_caring":"15","bed_for_nursing":"0","bed_for_longterm":"0","bed_for_azh":"0","twd97X":"317114.02","twd97Y":"2773744.75","wgs84aX":"121.665260422532","wgs84aY":"25.070439837855"},{"title":"新北市私立祥恩老人養護中心","address":"汐止區青山路15號1樓-3樓","person_in_charge":"鄭阿玉","tel":"86424959","bed_for_caring":"39","bed_for_nursing":"0","bed_for_longterm":"0","bed_for_azh":"0","twd97X":"316203.98","twd97Y":"2772817.83","wgs84aX":"121.656195665921","wgs84aY":"25.0621120278094"},{"title":"新北市私立祥和老人養護中心","address":"汐止區青山路15號4樓、4樓之1、5樓","person_in_charge":"鄭裕聰","tel":"26499691","bed_for_caring":"33","bed_for_nursing":"0","bed_for_longterm":"0","bed_for_azh":"0","twd97X":"316203.98","twd97Y":"2772817.83","wgs84aX":"121.656195665921","wgs84aY":"25.0621120278094"},{"title":"新北市私立童心老人長期照顧中心（養護型）","address":"汐止區南陽街90巷14號","person_in_charge":"林淑容","tel":"26940170","bed_for_caring":"49","bed_for_nursing":"0","bed_for_longterm":"0","bed_for_azh":"0","twd97X":"312830.07","twd97Y":"2772776.88","wgs84aX":"121.622754132898","wgs84aY":"25.0618864044013"},{"title":"新北市私立安濟老人長期照顧中心(養護型)","address":"汐止區福德一路351巷11弄18號2樓","person_in_charge":"魏惜","tel":"26951800","bed_for_caring":"21","bed_for_nursing":"0","bed_for_longterm":"0","bed_for_azh":"0","twd97X":"313598.99","twd97Y":"2772723.49","wgs84aX":"121.630372674222","wgs84aY":"25.0613722086864"},{"title":"新北市私立百齡家園老人長期照顧中心（養護型）","address":"汐止區福德路38號11樓、11樓之1、11樓之2、11樓之3、11樓之4、11樓之5、11樓之6、11樓之7","person_in_charge":"郭淑真","tel":"86931606","bed_for_caring":"40","bed_for_nursing":"0","bed_for_longterm":"0","bed_for_azh":"0","twd97X":"314126.7","twd97Y":"2773377.56","wgs84aX":"121.63563339081","wgs84aY":"25.0672547200242"},{"title":"新北市私立幸福家園老人長期照顧中心(養護型)","address":"汐止區福德路38號12樓、12樓之1、12樓之2、12樓之3、12樓之4、12樓之5、12樓之6","person_in_charge":"江煌貞","tel":"26926777","bed_for_caring":"40","bed_for_nursing":"0","bed_for_longterm":"0","bed_for_azh":"0","twd97X":"314126.7","twd97Y":"2773377.56","wgs84aX":"121.63563339081","wgs84aY":"25.0672547200242"},{"title":"新北市私立好家園老人長期照顧中心（養護型）","address":"汐止區福德路38號2樓、2樓之1","person_in_charge":"江煌貞","tel":"26926777","bed_for_caring":"40","bed_for_nursing":"0","bed_for_longterm":"0","bed_for_azh":"0","twd97X":"314126.7","twd97Y":"2773377.56","wgs84aX":"121.63563339081","wgs84aY":"25.0672547200242"},{"title":"新北市私立新陽光老人長期照顧中心(養護型)","address":"汐止區福德路38號4樓、4樓之1","person_in_charge":"盧嘉富","tel":"26932239","bed_for_caring":"49","bed_for_nursing":"0","bed_for_longterm":"0","bed_for_azh":"0","twd97X":"314126.7","twd97Y":"2773377.56","wgs84aX":"121.63563339081","wgs84aY":"25.0672547200242"},{"title":"新北市私立大漢老人長期照顧中心（養護型）","address":"汐止區福德路38號5樓之1","person_in_charge":"陳玉美","tel":"26933978","bed_for_caring":"49","bed_for_nursing":"0","bed_for_longterm":"0","bed_for_azh":"0","twd97X":"314126.7","twd97Y":"2773377.56","wgs84aX":"121.63563339081","wgs84aY":"25.0672547200242"},{"title":"新北市私立銀泰老人長期照顧中心（長期照護型）","address":"汐止區福德路38號6樓之1、之2、之3、之4、之5、之6","person_in_charge":"潘呂金環","tel":"26934386","bed_for_caring":"0","bed_for_nursing":"0","bed_for_longterm":"20","bed_for_azh":"0","twd97X":"314126.7","twd97Y":"2773377.56","wgs84aX":"121.63563339081","wgs84aY":"25.0672547200242"},{"title":"新北市私立美麗家園老人長期照顧心（養護型）","address":"汐止區福德路38號7樓、7樓之1、7樓之2、7樓之3、7樓之4、7樓之5、7樓之6、7樓之7","person_in_charge":"張玉蘭","tel":"26926111","bed_for_caring":"42","bed_for_nursing":"0","bed_for_longterm":"0","bed_for_azh":"0","twd97X":"314126.7","twd97Y":"2773377.56","wgs84aX":"121.63563339081","wgs84aY":"25.0672547200242"},{"title":"新北市私立天愛老人長期照顧中心(養護型)","address":"汐止區福德路38號8樓、8樓之1、8樓之2、8樓之3、8樓之4、8樓之5、8樓之6、8樓之7","person_in_charge":"陳玉美","tel":"26933978","bed_for_caring":"49","bed_for_nursing":"0","bed_for_longterm":"0","bed_for_azh":"0","twd97X":"314126.7","twd97Y":"2773377.56","wgs84aX":"121.63563339081","wgs84aY":"25.0672547200242"},{"title":"新北市私立百寧老人長期照顧中心(養護型)","address":"汐止區福德路38號9樓、38號9樓之1、38號9樓之2、38號9樓之3、38號9樓之4、38號9樓之5、38號9樓之6、38號9樓之7","person_in_charge":"郭翁素鄰","tel":"86931901","bed_for_caring":"40","bed_for_nursing":"0","bed_for_longterm":"0","bed_for_azh":"0","twd97X":"314126.7","twd97Y":"2773377.56","wgs84aX":"121.63563339081","wgs84aY":"25.0672547200242"},{"title":"新北市私立惟思老人養護中心","address":"林口區三民路75號1樓","person_in_charge":"吳致融","tel":"26000888","bed_for_caring":"43","bed_for_nursing":"0","bed_for_longterm":"0","bed_for_azh":"0","twd97X":"286170.92","twd97Y":"2773369.34","wgs84aX":"121.35853725752","wgs84aY":"25.0681082471165"},{"title":"新北市私立夏雨老人長期照顧中心（長期照護型）","address":"林口區三民路75號2樓","person_in_charge":"吳思漢","tel":"26000888","bed_for_caring":"0","bed_for_nursing":"0","bed_for_longterm":"41","bed_for_azh":"0","twd97X":"286170.92","twd97Y":"2773369.34","wgs84aX":"121.35853725752","wgs84aY":"25.0681082471165"},{"title":"新北市私立東宜老人長期照顧中心（養護型）","address":"板橋區大觀路2段159號之1、159號之2、159號之3","person_in_charge":"林秋紅","tel":"22755050","bed_for_caring":"40","bed_for_nursing":"0","bed_for_longterm":"0","bed_for_azh":"0","twd97X":"294963.82","twd97Y":"2765920.65","wgs84aX":"121.445450380029","wgs84aY":"25.0006249009276"},{"title":"新北市私立寶樺老人長期照顧中心（養護型）","address":"板橋區大觀路3段201、201-1、201-2、201-3號","person_in_charge":"嚴貴華","tel":"26820680","bed_for_caring":"47","bed_for_nursing":"0","bed_for_longterm":"0","bed_for_azh":"0","twd97X":"293576.35","twd97Y":"2765101.56","wgs84aX":"121.431679335795","wgs84aY":"24.9932706110202"},{"title":"新北市私立康達老人長期照顧中心（養護型）","address":"板橋區大觀路3段220巷22號2~6樓","person_in_charge":"張榮台","tel":"26878791","bed_for_caring":"47","bed_for_nursing":"0","bed_for_longterm":"0","bed_for_azh":"0","twd97X":"293363.23","twd97Y":"2765053.01","wgs84aX":"121.429566620557","wgs84aY":"24.9928383933589"},{"title":"新北市私立松和老人長期照顧中心(養護型)","address":"板橋區大觀路3段236號7樓","person_in_charge":"莊麗珊","tel":"26823334","bed_for_caring":"46","bed_for_nursing":"0","bed_for_longterm":"0","bed_for_azh":"0","twd97X":"293386.6","twd97Y":"2764985.13","wgs84aX":"121.429796050471","wgs84aY":"24.992224854122"},{"title":"新北市私立松樹老人長期照顧中心(養護型)","address":"板橋區大觀路3段236號7樓之1","person_in_charge":"李怡禎","tel":"25116881","bed_for_caring":"47","bed_for_nursing":"0","bed_for_longterm":"0","bed_for_azh":"0","twd97X":"293386.6","twd97Y":"2764985.13","wgs84aX":"121.429796050471","wgs84aY":"24.992224854122"},{"title":"新北市私立松林老人長期照顧中心(養護型)","address":"板橋區大觀路3段236號7樓之2","person_in_charge":"李怡禎","tel":"25116881","bed_for_caring":"41","bed_for_nursing":"0","bed_for_longterm":"0","bed_for_azh":"0","twd97X":"293386.6","twd97Y":"2764985.13","wgs84aX":"121.429796050471","wgs84aY":"24.992224854122"},{"title":"新北市私立春天老人長期照顧中心（養護型）","address":"板橋區大觀路3段236號8樓","person_in_charge":"陳春丹","tel":"26841858","bed_for_caring":"49","bed_for_nursing":"0","bed_for_longterm":"0","bed_for_azh":"0","twd97X":"293386.6","twd97Y":"2764985.13","wgs84aX":"121.429796050471","wgs84aY":"24.992224854122"},{"title":"新北市私立祥寶老人長期照顧中心(養護型)","address":"板橋區中山路1段206巷6號1樓-2樓","person_in_charge":"林哲弘","tel":"29539299","bed_for_caring":"48","bed_for_nursing":"0","bed_for_longterm":"0","bed_for_azh":"0","twd97X":"297471.56","twd97Y":"2767285.21","wgs84aX":"121.470340476209","wgs84aY":"25.012867751726"},{"title":"新北市私立祥永老人長期照顧中心(養護型)","address":"板橋區中山路1段206巷6號3樓","person_in_charge":"吳忠憲","tel":"89535859","bed_for_caring":"49","bed_for_nursing":"0","bed_for_longterm":"0","bed_for_azh":"0","twd97X":"297471.56","twd97Y":"2767285.21","wgs84aX":"121.470340476209","wgs84aY":"25.012867751726"},{"title":"新北市私立祥好尊榮老人養護中心","address":"板橋區中山路1段206巷6號4樓","person_in_charge":"陳俊豪","tel":"29540868","bed_for_caring":"48","bed_for_nursing":"0","bed_for_longterm":"0","bed_for_azh":"0","twd97X":"297471.56","twd97Y":"2767285.21","wgs84aX":"121.470340476209","wgs84aY":"25.012867751726"},{"title":"新北市私立祥弘老人養護中心","address":"板橋區中山路1段206巷6號5樓","person_in_charge":"吳小金","tel":"89533339","bed_for_caring":"38","bed_for_nursing":"0","bed_for_longterm":"0","bed_for_azh":"0","twd97X":"297471.56","twd97Y":"2767285.21","wgs84aX":"121.470340476209","wgs84aY":"25.012867751726"},{"title":"新北市私立連旺老人長期照顧中心（養護型）","address":"板橋區中山路1段311號、313號、315之1號","person_in_charge":"連昭晴","tel":"89520508","bed_for_caring":"47","bed_for_nursing":"0","bed_for_longterm":"0","bed_for_azh":"0","twd97X":"297581.12","twd97Y":"2767494.55","wgs84aX":"121.471433161048","wgs84aY":"25.014754253822"},{"title":"新北市私立桐心老人養護中心","address":"板橋區中正路302號2樓","person_in_charge":"陳鴻文","tel":"29688657","bed_for_caring":"42","bed_for_nursing":"0","bed_for_longterm":"0","bed_for_azh":"0","twd97X":"295907.11","twd97Y":"2768150.05","wgs84aX":"121.454869331049","wgs84aY":"25.0207238345391"},{"title":"新北市私立宏國老人長期照顧中心（養護型）","address":"板橋區四川路2段16巷10號7樓","person_in_charge":"吳高丁","tel":"89667037","bed_for_caring":"49","bed_for_nursing":"0","bed_for_longterm":"0","bed_for_azh":"0","twd97X":"296041.5","twd97Y":"2765560.32","wgs84aX":"121.456114459642","wgs84aY":"24.9973394829031"},{"title":"新北市私立祥安居老人長期照顧中心（養護型）","address":"板橋區四川路2段16巷1號10樓","person_in_charge":"李金祥","tel":"89665598","bed_for_caring":"44","bed_for_nursing":"0","bed_for_longterm":"0","bed_for_azh":"0","twd97X":"296013.56","twd97Y":"2765467.93","wgs84aX":"121.45583459915","wgs84aY":"24.9965062025414"},{"title":"新北市私立瑞昇老人長期照顧中心（養護型）","address":"板橋區四川路2段16巷1號1樓","person_in_charge":"曾巫秀琴","tel":"89675498","bed_for_caring":"46","bed_for_nursing":"0","bed_for_longterm":"0","bed_for_azh":"0","twd97X":"296013.56","twd97Y":"2765467.93","wgs84aX":"121.45583459915","wgs84aY":"24.9965062025414"},{"title":"新北市私立慈徽老人養護中心","address":"板橋區四川路2段16巷1號2樓","person_in_charge":"張鎮臺","tel":"89665598","bed_for_caring":"43","bed_for_nursing":"0","bed_for_longterm":"0","bed_for_azh":"0","twd97X":"296013.56","twd97Y":"2765467.93","wgs84aX":"121.45583459915","wgs84aY":"24.9965062025414"},{"title":"新北市私立陽光老人長期照顧中心（養護型）","address":"板橋區四川路2段16巷1號5樓","person_in_charge":"李家均","tel":"89665598","bed_for_caring":"46","bed_for_nursing":"0","bed_for_longterm":"0","bed_for_azh":"0","twd97X":"296013.56","twd97Y":"2765467.93","wgs84aX":"121.45583459915","wgs84aY":"24.9965062025414"},{"title":"新北市私立亞東老人長期照顧中心（養護型）","address":"板橋區四川路2段16巷1號6樓","person_in_charge":"李雪慧","tel":"89665598","bed_for_caring":"47","bed_for_nursing":"0","bed_for_longterm":"0","bed_for_azh":"0","twd97X":"296013.56","twd97Y":"2765467.93","wgs84aX":"121.45583459915","wgs84aY":"24.9965062025414"},{"title":"新北市私立皖美老人長期照顧中心（養護型）","address":"板橋區四川路2段16巷1號8樓","person_in_charge":"張家銘","tel":"89665598","bed_for_caring":"47","bed_for_nursing":"0","bed_for_longterm":"0","bed_for_azh":"0","twd97X":"296013.56","twd97Y":"2765467.93","wgs84aX":"121.45583459915","wgs84aY":"24.9965062025414"},{"title":"新北市私立祥元尊榮老人長期照顧中心(養護型)","address":"板橋區四川路2段16巷8號6樓","person_in_charge":"陳松宏","tel":"89668658","bed_for_caring":"44","bed_for_nursing":"0","bed_for_longterm":"0","bed_for_azh":"0","twd97X":"296043.08","twd97Y":"2765527.3","wgs84aX":"121.456129085524","wgs84aY":"24.9970413259652"},{"title":"新北市私立領袖天下老人養護中心","address":"板橋區四川路2段16巷8號6樓之1","person_in_charge":"陳國政","tel":"89668656","bed_for_caring":"40","bed_for_nursing":"0","bed_for_longterm":"0","bed_for_azh":"0","twd97X":"296043.08","twd97Y":"2765527.3","wgs84aX":"121.456129085524","wgs84aY":"24.9970413259652"},{"title":"新北市私立祥仁尊榮老人養護中心","address":"板橋區四川路2段16巷8號6樓之2","person_in_charge":"林哲弘","tel":"89668658","bed_for_caring":"48","bed_for_nursing":"0","bed_for_longterm":"0","bed_for_azh":"0","twd97X":"296043.08","twd97Y":"2765527.3","wgs84aX":"121.456129085524","wgs84aY":"24.9970413259652"},{"title":"新北市私立松園老人長期照顧中心（養護型）","address":"板橋區四川路2段16巷8號7樓","person_in_charge":"吳昆松","tel":"89665034","bed_for_caring":"49","bed_for_nursing":"0","bed_for_longterm":"0","bed_for_azh":"0","twd97X":"296043.08","twd97Y":"2765527.3","wgs84aX":"121.456129085524","wgs84aY":"24.9970413259652"},{"title":"新北市私立鴻祥老人長期照顧中心（養護型）","address":"板橋區四川路2段16巷9號8樓","person_in_charge":"吳高丁","tel":"89677439","bed_for_caring":"49","bed_for_nursing":"0","bed_for_longterm":"0","bed_for_azh":"0","twd97X":"296010.7","twd97Y":"2765567.94","wgs84aX":"121.455809622632","wgs84aY":"24.9974092111583"},{"title":"新北市私立仁民老人長期照顧中心（養護型）","address":"板橋區陽明街61號、61號2樓、61號3樓、61號4樓、61號5樓、61號6樓、61號7樓","person_in_charge":"黃政義","tel":"22587336","bed_for_caring":"49","bed_for_nursing":"0","bed_for_longterm":"0","bed_for_azh":"0","twd97X":"296869.15","twd97Y":"2768366.06","wgs84aX":"121.464408717673","wgs84aY":"25.0226445161033"},{"title":"新北市私立迦蜜老人長期照顧中心（養護型）","address":"板橋區廣權路10號2、3樓","person_in_charge":"范新鷺","tel":"29511181","bed_for_caring":"47","bed_for_nursing":"0","bed_for_longterm":"0","bed_for_azh":"0","twd97X":"296497.73","twd97Y":"2764869.78","wgs84aX":"121.460610867783","wgs84aY":"24.9910912778569"},{"title":"新北市私立重慶老人長期照顧中心(養護型)","address":"板橋區廣權路10號4樓","person_in_charge":"林巧靜","tel":"29648140","bed_for_caring":"29","bed_for_nursing":"0","bed_for_longterm":"0","bed_for_azh":"0","twd97X":"296497.73","twd97Y":"2764869.78","wgs84aX":"121.460610867783","wgs84aY":"24.9910912778569"},{"title":"新北市私立慧心老人長期照顧中心（養護型）","address":"板橋區廣權路2號2樓","person_in_charge":"朱傳恩","tel":"29567230","bed_for_caring":"28","bed_for_nursing":"0","bed_for_longterm":"0","bed_for_azh":"0","twd97X":"296465.72","twd97Y":"2764846.5","wgs84aX":"121.460292953402","wgs84aY":"24.9908820543107"},{"title":"新北市私立心田老人長期照顧中心（養護型）","address":"板橋區廣權路2號3樓、6號3樓","person_in_charge":"朱瑜慈","tel":"89511426","bed_for_caring":"30","bed_for_nursing":"0","bed_for_longterm":"15","bed_for_azh":"0","twd97X":"296465.72","twd97Y":"2764846.5","wgs84aX":"121.460292953402","wgs84aY":"24.9908820543107"},{"title":"新北市私立廣福老人養護中心","address":"板橋區廣權路2號4樓","person_in_charge":"盧光亞","tel":"89514435","bed_for_caring":"49","bed_for_nursing":"0","bed_for_longterm":"0","bed_for_azh":"0","twd97X":"296465.72","twd97Y":"2764846.5","wgs84aX":"121.460292953402","wgs84aY":"24.9908820543107"},{"title":"新北市私立廣權老人養護中心","address":"板橋區廣權路2號5樓","person_in_charge":"梁惠倫","tel":"89514435","bed_for_caring":"26","bed_for_nursing":"0","bed_for_longterm":"0","bed_for_azh":"0","twd97X":"296465.72","twd97Y":"2764846.5","wgs84aX":"121.460292953402","wgs84aY":"24.9908820543107"},{"title":"新北市私立安佳老人長期照顧中心（養護型）","address":"板橋區館前西路139號6樓","person_in_charge":"徐三華","tel":"29688745","bed_for_caring":"40","bed_for_nursing":"0","bed_for_longterm":"0","bed_for_azh":"0","twd97X":"296062.43","twd97Y":"2766714.57","wgs84aX":"121.456360336505","wgs84aY":"25.007759518489"},{"title":"新北市私立迦順老人長期照顧中心（養護型）","address":"板橋區館前西路6號8樓","person_in_charge":"曾翠信","tel":"29645889","bed_for_caring":"49","bed_for_nursing":"0","bed_for_longterm":"0","bed_for_azh":"0","twd97X":"296341.57","twd97Y":"2766645.21","wgs84aX":"121.459123478543","wgs84aY":"25.0071248076207"},{"title":"新北市私立恆輝老人長期照顧中心（養護型）","address":"泰山區明志路1段122巷33號","person_in_charge":"李展權","tel":"22962153","bed_for_caring":"36","bed_for_nursing":"0","bed_for_longterm":"0","bed_for_azh":"0","twd97X":"293627.11","twd97Y":"2772914.91","wgs84aX":"121.432429309668","wgs84aY":"25.0638087255704"},{"title":"新北市私立弘安老人長期照顧中心（養護型）","address":"泰山區新北大道6段397號8樓、409號8樓","person_in_charge":"陳興成","tel":"29018287","bed_for_caring":"32","bed_for_nursing":"0","bed_for_longterm":"0","bed_for_azh":"0","twd97X":"292537","twd97Y":"2769407.87","wgs84aX":"121.421516203321","wgs84aY":"25.0321779777629"},{"title":"新北市私立思親老人長期照顧中心（養護型）","address":"淡水區下圭柔山114之6號","person_in_charge":"陳韋強","tel":"26211033","bed_for_caring":"47","bed_for_nursing":"0","bed_for_longterm":"0","bed_for_azh":"0","twd97X":"294927.51","twd97Y":"2789229.64","wgs84aX":"121.445853006564","wgs84aY":"25.2110591008694"},{"title":"新北市私立思福老人長期照顧中心（養護型）","address":"淡水區下圭柔山114之7號","person_in_charge":"陳韋志","tel":"26211033","bed_for_caring":"45","bed_for_nursing":"0","bed_for_longterm":"0","bed_for_azh":"0","twd97X":"294927.51","twd97Y":"2789229.64","wgs84aX":"121.445853006564","wgs84aY":"25.2110591008694"},{"title":"新北市私立思源老人養護中心","address":"淡水區下圭柔山114之8號","person_in_charge":"陳建慶","tel":"26211033","bed_for_caring":"44","bed_for_nursing":"0","bed_for_longterm":"0","bed_for_azh":"0","twd97X":"294927.51","twd97Y":"2789229.64","wgs84aX":"121.445853006564","wgs84aY":"25.2110591008694"},{"title":"新北市私立新明厚老人長期照顧中心（養護型）","address":"淡水區中正東路1段27號、27號2樓之1","person_in_charge":"孟昭平","tel":"26297290","bed_for_caring":"43","bed_for_nursing":"0","bed_for_longterm":"0","bed_for_azh":"0","twd97X":"295562.09","twd97Y":"2783950.41","wgs84aX":"121.451974481743","wgs84aY":"25.1633797641441"},{"title":"新北市私立富祥老人長期照顧中心（養護型）","address":"淡水區民生路47之4號5、6樓、47之5號4、5樓","person_in_charge":"蔣榮芳","tel":"88093550","bed_for_caring":"36","bed_for_nursing":"0","bed_for_longterm":"0","bed_for_azh":"0","twd97X":"296580.29","twd97Y":"2781182.35","wgs84aX":"121.461980612881","wgs84aY":"25.1383587404748"},{"title":"新北市私立崇惠老人長期照顧中心（養護型）","address":"淡水區坪頂路70巷27號","person_in_charge":"鍾秋月","tel":"86268833","bed_for_caring":"41","bed_for_nursing":"0","bed_for_longterm":"0","bed_for_azh":"0","twd97X":"296391.93","twd97Y":"2783708.7","wgs84aX":"121.460198058936","wgs84aY":"25.1611722442027"},{"title":"新北市私立模範老人養護中心","address":"新店區中正路20號3樓、26號3樓","person_in_charge":"劉建梅","tel":"29126188","bed_for_caring":"44","bed_for_nursing":"0","bed_for_longterm":"0","bed_for_azh":"0","twd97X":"305065.17","twd97Y":"2762531.76","wgs84aX":"121.545384830863","wgs84aY":"24.9696966929996"},{"title":"新北市私立富貴老人養護中心","address":"新店區中正路22號2樓","person_in_charge":"王明","tel":"29124106","bed_for_caring":"14","bed_for_nursing":"0","bed_for_longterm":"0","bed_for_azh":"0","twd97X":"305059.88","twd97Y":"2762534.14","wgs84aX":"121.545332516628","wgs84aY":"24.969718382456"},{"title":"新北市私立榮華老人長期照顧中心(養護型)","address":"新店區中正路24號5樓、28號5樓","person_in_charge":"王明","tel":"29124106","bed_for_caring":"42","bed_for_nursing":"0","bed_for_longterm":"0","bed_for_azh":"0","twd97X":"305054.06","twd97Y":"2762546.31","wgs84aX":"121.545275351702","wgs84aY":"24.9698284734842"},{"title":"新北市私立國泰老人長期照顧中心（養護型）","address":"新店區中正路284巷4弄1號、1號2樓、1號3樓","person_in_charge":"詹凱涵","tel":"29125619","bed_for_caring":"35","bed_for_nursing":"0","bed_for_longterm":"0","bed_for_azh":"0","twd97X":"304350.51","twd97Y":"2763102.11","wgs84aX":"121.538329258108","wgs84aY":"24.9748716142769"},{"title":"新北市私立匯安老人長期照顧中心（養護型）","address":"新店區中正路399巷7號1樓-4樓","person_in_charge":"廖麗如","tel":"86656656","bed_for_caring":"48","bed_for_nursing":"0","bed_for_longterm":"0","bed_for_azh":"0","twd97X":"303943.67","twd97Y":"2763324.33","wgs84aX":"121.534308388116","wgs84aY":"24.9768923496825"},{"title":"新北市私立樂活老人長期照顧中心（養護型）","address":"新店區中正路493號8樓","person_in_charge":"井寶琳","tel":"86676483","bed_for_caring":"26","bed_for_nursing":"0","bed_for_longterm":"23","bed_for_azh":"0","twd97X":"303871.18","twd97Y":"2763981.34","wgs84aX":"121.533616029209","wgs84aY":"24.9828263787429"},{"title":"新北市私立莊敬老人長期照顧中心（養護型）","address":"新店區中正路521巷1號3樓、3號3樓","person_in_charge":"石朝元","tel":"22185571","bed_for_caring":"40","bed_for_nursing":"0","bed_for_longterm":"0","bed_for_azh":"0","twd97X":"303838.38","twd97Y":"2764218.93","wgs84aX":"121.533300310972","wgs84aY":"24.984972575957"},{"title":"新北市私立溫昕老人長期照顧中心（養護型）","address":"新店區中正路539之3號2樓","person_in_charge":"李玉淑","tel":"22190258","bed_for_caring":"39","bed_for_nursing":"0","bed_for_longterm":"0","bed_for_azh":"0","twd97X":"303850.81","twd97Y":"2764354.4","wgs84aX":"121.533428764503","wgs84aY":"24.9861951297563"},{"title":"財團法人私立廣恩老人養護中心","address":"新店區北宜路2段579巷45號","person_in_charge":"林偉峰","tel":"22173517","bed_for_caring":"100","bed_for_nursing":"0","bed_for_longterm":"45","bed_for_azh":"0","twd97X":"307078.49","twd97Y":"2760991.22","wgs84aX":"121.565261210834","wgs84aY":"24.9557144032786"},{"title":"新北市私立崇登老人長期照顧中心(養護型)","address":"新店區北新路3段145號5樓","person_in_charge":"洪圓","tel":"89146606","bed_for_caring":"25","bed_for_nursing":"0","bed_for_longterm":"0","bed_for_azh":"0","twd97X":"304631.32","twd97Y":"2764031.92","wgs84aX":"121.541147240571","wgs84aY":"24.9832558414536"},{"title":"新北市私立新家老人長期照顧中心（養護型）","address":"新店區民生路13號4樓","person_in_charge":"陳偉修","tel":"55952688","bed_for_caring":"24","bed_for_nursing":"0","bed_for_longterm":"0","bed_for_azh":"0","twd97X":"303820.12","twd97Y":"2764415","wgs84aX":"121.533127111111","wgs84aY":"24.9867433136269"},{"title":"新北市私立康泰老人長期照顧中心（養護型）","address":"新店區民生路15號3樓","person_in_charge":"何素娥","tel":"22181535","bed_for_caring":"47","bed_for_nursing":"0","bed_for_longterm":"0","bed_for_azh":"0","twd97X":"303809.8","twd97Y":"2764403.88","wgs84aX":"121.533024466493","wgs84aY":"24.986643270268"},{"title":"新北市私立溫馨老人長期照顧中心（養護型）","address":"新店區民權路147號4樓","person_in_charge":"谷彩虹","tel":"82187408","bed_for_caring":"25","bed_for_nursing":"0","bed_for_longterm":"15","bed_for_azh":"0","twd97X":"303960.34","twd97Y":"2763931.81","wgs84aX":"121.534497140003","wgs84aY":"24.9823760384268"},{"title":"新北市私立亞洲老人長期照顧中心（養護型）","address":"新店區民權路42巷59弄2號2樓","person_in_charge":"陳隆鴻","tel":"86671476","bed_for_caring":"26","bed_for_nursing":"0","bed_for_longterm":"0","bed_for_azh":"0","twd97X":"304348.48","twd97Y":"2764116.19","wgs84aX":"121.538348985091","wgs84aY":"24.9840268033137"},{"title":"新北市私立亞恩老人長期照顧中心（養護型）","address":"新店區民權路42巷59弄2號5樓","person_in_charge":"劉志榮","tel":"89146536","bed_for_caring":"26","bed_for_nursing":"0","bed_for_longterm":"0","bed_for_azh":"0","twd97X":"304348.48","twd97Y":"2764116.19","wgs84aX":"121.538348985091","wgs84aY":"24.9840268033137"},{"title":"新北市私立大坪林老人長期照顧中心（養護型）","address":"新店區民權路58號5樓、60號5樓","person_in_charge":"羅德蘭","tel":"29111377","bed_for_caring":"35","bed_for_nursing":"0","bed_for_longterm":"12","bed_for_azh":"0","twd97X":"304393.2","twd97Y":"2764009.83","wgs84aX":"121.538787707747","wgs84aY":"24.9830649489062"},{"title":"新北市私立皇冠老人養護中心","address":"新店區民權路60號4樓","person_in_charge":"黃伯超","tel":"29125488","bed_for_caring":"29","bed_for_nursing":"0","bed_for_longterm":"16","bed_for_azh":"0","twd97X":"304384.73","twd97Y":"2764010.09","wgs84aX":"121.538703854825","wgs84aY":"24.9830676448929"},{"title":"新北市私立民權老人長期照顧中心(長期照護型)","address":"新店區民權路88之1號2樓","person_in_charge":"丘豐英","tel":"86671476","bed_for_caring":"0","bed_for_nursing":"0","bed_for_longterm":"16","bed_for_azh":"0","twd97X":"304196.08","twd97Y":"2764026.1","wgs84aX":"121.536835900073","wgs84aY":"24.9832189027851"},{"title":"新北市私立日祥老人養護中心","address":"新店區百忍街38號","person_in_charge":"宋德秋","tel":"86659609","bed_for_caring":"21","bed_for_nursing":"0","bed_for_longterm":"0","bed_for_azh":"0","twd97X":"303884.18","twd97Y":"2763211.44","wgs84aX":"121.533714759979","wgs84aY":"24.9758753148816"},{"title":"新北市私立承新老人長期照顧中心（養護型）","address":"新店區百忍街38號2樓、3樓、40號2樓、3樓","person_in_charge":"孫國玉","tel":"86653731","bed_for_caring":"45","bed_for_nursing":"0","bed_for_longterm":"0","bed_for_azh":"0","twd97X":"303884.18","twd97Y":"2763211.44","wgs84aX":"121.533714759979","wgs84aY":"24.9758753148816"},{"title":"新北市私立匯福老人長期照顧中心（養護型）","address":"新店區竹林路99號1樓-4樓","person_in_charge":"廖麗如","tel":"22178035","bed_for_caring":"48","bed_for_nursing":"0","bed_for_longterm":"0","bed_for_azh":"0","twd97X":"305999.06","twd97Y":"2760393.05","wgs84aX":"121.554547536241","wgs84aY":"24.9503543047555"},{"title":"新北市私立回春老人長期照顧中心(養護型)","address":"新店區寶元路2段63號1樓-3樓","person_in_charge":"李椿澤","tel":"29176987","bed_for_caring":"22","bed_for_nursing":"0","bed_for_longterm":"0","bed_for_azh":"0","twd97X":"305268","twd97Y":"2763781.15","wgs84aX":"121.54744356124","wgs84aY":"24.9809688522995"},{"title":"新北市私立東海老人長期照顧中心(養護型)","address":"新店區寶興路37號4樓","person_in_charge":"王國強","tel":"29143333","bed_for_caring":"38","bed_for_nursing":"0","bed_for_longterm":"0","bed_for_azh":"0","twd97X":"305451.09","twd97Y":"2763026.86","wgs84aX":"121.549226815277","wgs84aY":"24.9741524064965"},{"title":"新北市私立南山老人長期照顧中心(養護型)","address":"新店區寶興路37號5樓","person_in_charge":"蔡領珠","tel":"29125070","bed_for_caring":"49","bed_for_nursing":"0","bed_for_longterm":"0","bed_for_azh":"0","twd97X":"305451.09","twd97Y":"2763026.86","wgs84aX":"121.549226815277","wgs84aY":"24.9741524064965"},{"title":"新北市私立宏安老人長期照顧中心（養護型）","address":"新莊區中正路213之5號、213之6號","person_in_charge":"陳柏樵","tel":"29941514","bed_for_caring":"34","bed_for_nursing":"0","bed_for_longterm":"0","bed_for_azh":"0","twd97X":"295539.2","twd97Y":"2769815.13","wgs84aX":"121.451278907692","wgs84aY":"25.035767417013"},{"title":"新北市私立新中老人長期照顧中心(養護型)","address":"新莊區中正路316號5樓","person_in_charge":"陳垂彥","tel":"29938702","bed_for_caring":"41","bed_for_nursing":"0","bed_for_longterm":"0","bed_for_azh":"0","twd97X":"295051.88","twd97Y":"2769723.03","wgs84aX":"121.446446900769","wgs84aY":"25.0349505127609"},{"title":"新北市私立長恩老人長期照顧中心（養護型）","address":"新莊區中正路393號4樓","person_in_charge":"黃麗娟","tel":"22013158","bed_for_caring":"49","bed_for_nursing":"0","bed_for_longterm":"0","bed_for_azh":"0","twd97X":"294964.29","twd97Y":"2769677.68","wgs84aX":"121.445577378756","wgs84aY":"25.0345436509065"},{"title":"新北市私立智英老人長期照護中心","address":"新莊區中正路544-36號1樓","person_in_charge":"劉江裕","tel":"29085498","bed_for_caring":"0","bed_for_nursing":"0","bed_for_longterm":"25","bed_for_azh":"0","twd97X":"293428.81","twd97Y":"2769335.86","wgs84aX":"121.430351066523","wgs84aY":"25.0315024979156"},{"title":"新北市私立中英老人養護中心","address":"新莊區中正路544-36號2樓","person_in_charge":"劉靜怡","tel":"29085498","bed_for_caring":"45","bed_for_nursing":"0","bed_for_longterm":"0","bed_for_azh":"0","twd97X":"293428.81","twd97Y":"2769335.86","wgs84aX":"121.430351066523","wgs84aY":"25.0315024979156"},{"title":"新北市私立傅英老人長期照顧中心（養護型）","address":"新莊區中正路544-36號3樓","person_in_charge":"劉江裕","tel":"29085498","bed_for_caring":"45","bed_for_nursing":"0","bed_for_longterm":"0","bed_for_azh":"0","twd97X":"293428.81","twd97Y":"2769335.86","wgs84aX":"121.430351066523","wgs84aY":"25.0315024979156"},{"title":"新北市私立仁英老人養護中心","address":"新莊區中正路544-36號4樓","person_in_charge":"劉靜怡","tel":"29085498","bed_for_caring":"45","bed_for_nursing":"0","bed_for_longterm":"0","bed_for_azh":"0","twd97X":"293428.81","twd97Y":"2769335.86","wgs84aX":"121.430351066523","wgs84aY":"25.0315024979156"},{"title":"新北市私立佳興老人長期照顧中心（養護型）","address":"新莊區公園路226號2樓","person_in_charge":"黃薏蓁","tel":"89920004","bed_for_caring":"21","bed_for_nursing":"0","bed_for_longterm":"0","bed_for_azh":"0","twd97X":"296090.46","twd97Y":"2770343.64","wgs84aX":"121.456759319318","wgs84aY":"25.0405221225508"},{"title":"新北市私立珍珍老人長期照顧中心（養護型）","address":"新莊區化成路354號3樓","person_in_charge":"吳馥珍","tel":"29981530","bed_for_caring":"31","bed_for_nursing":"0","bed_for_longterm":"0","bed_for_azh":"0","twd97X":"297009.67","twd97Y":"2771306.96","wgs84aX":"121.465901347536","wgs84aY":"25.0491907398429"},{"title":"新北市私立永瑞老人長期照顧中心（養護型）","address":"新莊區化成路354號4樓","person_in_charge":"李瑞昌","tel":"29941223","bed_for_caring":"31","bed_for_nursing":"0","bed_for_longterm":"0","bed_for_azh":"0","twd97X":"297009.67","twd97Y":"2771306.96","wgs84aX":"121.465901347536","wgs84aY":"25.0491907398429"},{"title":"新北市私立景馨老人長期照顧中心（養護型）","address":"新莊區化成路63巷41號3樓","person_in_charge":"陳素琦","tel":"89921892","bed_for_caring":"29","bed_for_nursing":"0","bed_for_longterm":"0","bed_for_azh":"0","twd97X":"296744.69","twd97Y":"2770927.15","wgs84aX":"121.463262380943","wgs84aY":"25.0457700210299"},{"title":"新北市私立家安老人長期照顧中心(養護型)","address":"新莊區思源路117號(2層)、119號、119號2樓、121號2樓、123號2樓","person_in_charge":"王宇文","tel":"89929235","bed_for_caring":"49","bed_for_nursing":"0","bed_for_longterm":"0","bed_for_azh":"0","twd97X":"296376.79","twd97Y":"2770532.02","wgs84aX":"121.459603064757","wgs84aY":"25.0422140664491"},{"title":"新北市私立馨安老人長期照顧中心（養護型）","address":"新莊區思源路119號3樓、121號3樓、123號3樓","person_in_charge":"楊薇薇","tel":"29920766","bed_for_caring":"39","bed_for_nursing":"0","bed_for_longterm":"0","bed_for_azh":"0","twd97X":"296376.79","twd97Y":"2770538.1","wgs84aX":"121.45960326953","wgs84aY":"25.0422690065843"},{"title":"新北市私立安馨老人長期照顧中心（養護型）","address":"新莊區思源路119號4樓、121號4樓、123號4樓","person_in_charge":"黃正和","tel":"29923339","bed_for_caring":"42","bed_for_nursing":"0","bed_for_longterm":"0","bed_for_azh":"0","twd97X":"296376.79","twd97Y":"2770538.1","wgs84aX":"121.45960326953","wgs84aY":"25.0422690065843"},{"title":"新北市私立常福緣老人長期照顧中心(養護型)","address":"新莊區思源路87巷18號3樓","person_in_charge":"呂宗紘","tel":"89933507","bed_for_caring":"38","bed_for_nursing":"0","bed_for_longterm":"0","bed_for_azh":"0","twd97X":"296253.89","twd97Y":"2770442.06","wgs84aX":"121.458382116333","wgs84aY":"25.0414056798226"},{"title":"新北市私立景頤老人長期照顧中心(養護型)","address":"新莊區思源路87巷18號3樓之1","person_in_charge":"游皓傑","tel":"22772203","bed_for_caring":"44","bed_for_nursing":"0","bed_for_longterm":"0","bed_for_azh":"0","twd97X":"296253.89","twd97Y":"2770442.06","wgs84aX":"121.458382116333","wgs84aY":"25.0414056798226"},{"title":"新北市私立景福老人長期照顧中心（養護型）","address":"新莊區新莊路192號","person_in_charge":"謝天","tel":"22798833","bed_for_caring":"35","bed_for_nursing":"0","bed_for_longterm":"0","bed_for_azh":"0","twd97X":"295839.45","twd97Y":"2769732.35","wgs84aX":"121.454251537175","wgs84aY":"25.0350109976906"},{"title":"新北市私立老吾老老人長期照顧中心（養護型）","address":"新莊區新樹路315巷1號4樓、1號5樓","person_in_charge":"邱垂諒","tel":"22020119","bed_for_caring":"46","bed_for_nursing":"0","bed_for_longterm":"0","bed_for_azh":"0","twd97X":"293780.23","twd97Y":"2767981.15","wgs84aX":"121.433790337214","wgs84aY":"25.0192619529316"},{"title":"新北市私立佳康老人長期照顧中心（養護型）","address":"新莊區雙鳳路109號4樓、111號4樓、113號4樓","person_in_charge":"羅淑玲","tel":"29083466","bed_for_caring":"49","bed_for_nursing":"0","bed_for_longterm":"0","bed_for_azh":"0","twd97X":"291773.04","twd97Y":"2768950.85","wgs84aX":"121.413932109086","wgs84aY":"25.0280732463412"},{"title":"新北市私立盛禾老人長期照顧中心（養護型）","address":"新莊區雙鳳路117號4樓、119號4樓、121號4樓","person_in_charge":"何小憶","tel":"29081656","bed_for_caring":"47","bed_for_nursing":"0","bed_for_longterm":"0","bed_for_azh":"0","twd97X":"291730.44","twd97Y":"2768952.7","wgs84aX":"121.413510066074","wgs84aY":"25.0280911421633"},{"title":"新北市私立吉康老人長期照顧中心(養護型)","address":"新莊區雙鳳路121號6樓","person_in_charge":"黃秋雄","tel":"29031720","bed_for_caring":"29","bed_for_nursing":"0","bed_for_longterm":"0","bed_for_azh":"0","twd97X":"291714.04","twd97Y":"2768945.82","wgs84aX":"121.413347311897","wgs84aY":"25.0280294880764"},{"title":"新北市私立健安老人長期照顧中心（養護型）","address":"新莊區雙鳳路121號7樓、123號7樓","person_in_charge":"廖文義","tel":"29031356","bed_for_caring":"37","bed_for_nursing":"0","bed_for_longterm":"0","bed_for_azh":"0","twd97X":"291714.04","twd97Y":"2768945.82","wgs84aX":"121.413347311897","wgs84aY":"25.0280294880764"},{"title":"新北市私立宏祈老人長期照顧中心（養護型）","address":"瑞芳區大埔路110號","person_in_charge":"簡文生","tel":"24579446","bed_for_caring":"48","bed_for_nursing":"0","bed_for_longterm":"0","bed_for_azh":"0","twd97X":"326895.72","twd97Y":"2777274.32","wgs84aX":"121.762411590438","wgs84aY":"25.1018368151034"},{"title":"新北市私立頤瑞老人長期照顧中心（養護型）","address":"瑞芳區明燈路3段180號、180號2樓、180號3樓","person_in_charge":"柯素惠","tel":"24063372","bed_for_caring":"49","bed_for_nursing":"0","bed_for_longterm":"0","bed_for_azh":"0","twd97X":"331001","twd97Y":"2778149","wgs84aX":"121.803163434928","wgs84aY":"25.1095180750949"},{"title":"財團法人新北市私立馨園老人養護中心","address":"萬里區公舘崙23-1號","person_in_charge":"應堃煇","tel":"24989331","bed_for_caring":"160","bed_for_nursing":"0","bed_for_longterm":"0","bed_for_azh":"0","twd97X":"319496.54","twd97Y":"2785669.35","wgs84aX":"121.689479516","wgs84aY":"25.1779824055"},{"title":"新北市立仁愛之家","address":"萬里區玉田路61號","person_in_charge":"吳欽仁","tel":"24922511","bed_for_caring":"174","bed_for_nursing":"242","bed_for_longterm":"0","bed_for_azh":"0","twd97X":"318885","twd97Y":"2786577","wgs84aX":"121.683458388","wgs84aY":"25.1862043438"},{"title":"新北市私立慈嘉老人長期照顧中心（養護型）","address":"樹林區大安路323巷10弄14號、16號、18號、20號","person_in_charge":"林彩吟","tel":"26863706","bed_for_caring":"38","bed_for_nursing":"0","bed_for_longterm":"0","bed_for_azh":"0","twd97X":"292123.41","twd97Y":"2764854.61","wgs84aX":"121.417278871667","wgs84aY":"24.9910821345866"},{"title":"新北市私立嘉恩老人長期照顧中心（養護型）","address":"樹林區大安路512號3樓、516號3樓、518號3樓","person_in_charge":"簡瑾甄","tel":"26833348","bed_for_caring":"47","bed_for_nursing":"0","bed_for_longterm":"0","bed_for_azh":"0","twd97X":"291737.71","twd97Y":"2764299.49","wgs84aX":"121.413441406379","wgs84aY":"24.986081054992"},{"title":"新北市私立恆愛老人長期照顧中心（養護型）","address":"樹林區中山路2段151巷12號5樓、12之1號5樓","person_in_charge":"李麗華","tel":"86852927","bed_for_caring":"39","bed_for_nursing":"0","bed_for_longterm":"0","bed_for_azh":"0","twd97X":"291069.63","twd97Y":"2763424.77","wgs84aX":"121.40679782696","wgs84aY":"24.9782022162508"},{"title":"新北市私立禾閤老人長期照顧中心(養護型)","address":"樹林區中山路2段162號","person_in_charge":"張雅玲","tel":"26852999","bed_for_caring":"33","bed_for_nursing":"0","bed_for_longterm":"0","bed_for_azh":"0","twd97X":"291605.68","twd97Y":"2763951.03","wgs84aX":"121.412123169663","wgs84aY":"24.9829387846621"},{"title":"新北市私立慈泰老人長期照顧中心（養護型）","address":"樹林區中正路632巷1號","person_in_charge":"簡士閔","tel":"26899333","bed_for_caring":"47","bed_for_nursing":"0","bed_for_longterm":"0","bed_for_azh":"0","twd97X":"291412.53","twd97Y":"2767658.86","wgs84aX":"121.410321036462","wgs84aY":"25.0164188994755"},{"title":"新北市私立保安老人長期照顧中心(養護型)","address":"樹林區保安街二段64號4樓、64號5樓、64號6樓","person_in_charge":"鄭傳叡","tel":"26863810","bed_for_caring":"48","bed_for_nursing":"0","bed_for_longterm":"0","bed_for_azh":"0","twd97X":"291933.2","twd97Y":"2766133.62","wgs84aX":"121.415433527541","wgs84aY":"25.0026345295394"},{"title":"新北市私立恩祥老人長期照顧中心（養護型）","address":"蘆洲區三民路26巷51號3樓","person_in_charge":"黃冠銘","tel":"22885959","bed_for_caring":"49","bed_for_nursing":"0","bed_for_longterm":"0","bed_for_azh":"0","twd97X":"298223.3","twd97Y":"2775079.96","wgs84aX":"121.478061166447","wgs84aY":"25.0832150678533"},{"title":"新北市私立吉立老人養護中心","address":"蘆洲區中山一路238、240號各2樓","person_in_charge":"王輝鴻","tel":"22855703","bed_for_caring":"21","bed_for_nursing":"0","bed_for_longterm":"0","bed_for_azh":"0","twd97X":"297649.05","twd97Y":"2774731.29","wgs84aX":"121.472356405517","wgs84aY":"25.0800855382144"},{"title":"新北市私立佳緣老人長期照顧中心（養護型）","address":"鶯歌區中山路41號、41號2樓、41號3樓、41號4樓","person_in_charge":"邱菊珍","tel":"26707278","bed_for_caring":"47","bed_for_nursing":"0","bed_for_longterm":"0","bed_for_azh":"0","twd97X":"285526.85","twd97Y":"2761053.98","wgs84aX":"121.351836103045","wgs84aY":"24.9569380483984"},{"title":"新北市私立愛鄰田園老人長期照顧中心（養護型）","address":"鶯歌區建國路596巷38號、40號","person_in_charge":"陳達彥","tel":"86773288","bed_for_caring":"40","bed_for_nursing":"0","bed_for_longterm":"0","bed_for_azh":"0","twd97X":"284356.85","twd97Y":"2760444.87","wgs84aX":"121.340234197939","wgs84aY":"24.9514657630077"},{"title":"新北市私立溫馨園老人長期照顧中心（養護型）","address":"鶯歌區建國路85號4樓","person_in_charge":"蕭曙球","tel":"26782277","bed_for_caring":"49","bed_for_nursing":"0","bed_for_longterm":"0","bed_for_azh":"0","twd97X":"285664.3","twd97Y":"2760717.88","wgs84aX":"121.353188646307","wgs84aY":"24.9539004050855"}]