[{"no":"1","title":"衛生福利部北區老人之家","address":"新北市新店區屈尺路83號","tel":"26668695","type":"老人福利機構","note":"安養","twd97X":"305068.41","twd97Y":"2757324.45","wgs84aX":"121.545209937097","wgs84aY":"24.9226847970343"},{"no":"2","title":"衛生福利部中區老人之家","address":"彰化縣田中鎮中南路二段210號8742811              ","tel":"04-8742811              ","type":"老人福利機構","note":"安養","twd97X":"209480","twd97Y":"2638976","wgs84aX":"120.602184057","wgs84aY":"23.8545861627"},{"no":"3","title":"衛生福利部東區老人之家","address":"花蓮市民權路125號","tel":"03-8233705","type":"老人福利機構","note":"安養","twd97X":"314065","twd97Y":"2654456","wgs84aX":"121.629643693","wgs84aY":"23.9935865501"},{"no":"4","title":"衛生福利部南區老人之家","address":"屏東市瑞光里香揚巷1號","tel":"08-7223434","type":"老人福利機構","note":"安養","twd97X":"199842.41","twd97Y":"2506880.3","wgs84aX":"120.511929103019","wgs84aY":"22.6614744155517"},{"no":"5","title":"衛生福利部彰化老人養護中心","address":"彰化縣彰化市虎崗路1號","tel":"04-7258131","type":"老人福利機構","note":"養護","twd97X":"205867","twd97Y":"2662547","wgs84aX":"120.566001349","wgs84aY":"24.0673216197"},{"no":"6","title":"財團法人臺灣基督長老教會雙連教會附設新北市私立雙連安養中心","address":"新北市三芝區後厝里北勢子22-16號","tel":"26365999","type":"老人福利機構","note":"養護","twd97X":"297795.18","twd97Y":"2793668.76","wgs84aX":"121.474466105255","wgs84aY":"25.2510459818111"},{"no":"7","title":"新北市立仁愛之家","address":"新北市萬里區龜吼村玉田路61號","tel":"24922511","type":"老人福利機構","note":"安養","twd97X":"318885","twd97Y":"2786577","wgs84aX":"121.683458388","wgs84aY":"25.1862043438"},{"no":"8","title":"新北市私立祥寶老人養護中心","address":"新北市板橋區中山路1段206巷6號1-2樓","tel":"29539299","type":"老人福利機構","note":"養護","twd97X":"297471.56","twd97Y":"2767285.21","wgs84aX":"121.470340476209","wgs84aY":"25.012867751726"},{"no":"9","title":"新北市私立仁民老人長期照顧中心(養護型)","address":"新北市板橋區陽明街61號1~7樓","tel":"22587336","type":"老人福利機構","note":"養護","twd97X":"296869.15","twd97Y":"2768366.06","wgs84aX":"121.464408717673","wgs84aY":"25.0226445161033"},{"no":"10","title":"新北市私立祥弘老人養護中心","address":"新北市板橋區中山路1段206巷6號5樓","tel":"89533339","type":"老人福利機構","note":"養護","twd97X":"297471.56","twd97Y":"2767285.21","wgs84aX":"121.470340476209","wgs84aY":"25.012867751726"},{"no":"11","title":"新北市私立宏國老人長期照顧中心(養護型)","address":"新北市板橋區四川路2段16巷3號3樓","tel":"89667037","type":"老人福利機構","note":"養護","twd97X":"296012.6","twd97Y":"2765508.25","wgs84aX":"121.455826506301","wgs84aY":"24.9968702670019"},{"no":"12","title":"新北市私立祥仁尊榮老人養護中心","address":"新北市板橋區四川路2段16巷8號6樓之2","tel":"89668658","type":"老人福利機構","note":"養護","twd97X":"296043.08","twd97Y":"2765527.3","wgs84aX":"121.456129085524","wgs84aY":"24.9970413259652"},{"no":"13","title":"新北市私立領袖天下老人養護中心","address":"新北市板橋區四川路2段16巷8號6樓之1","tel":"89668656","type":"老人福利機構","note":"養護","twd97X":"296043.08","twd97Y":"2765527.3","wgs84aX":"121.456129085524","wgs84aY":"24.9970413259652"},{"no":"14","title":"新北市私立祥元尊榮老人養護中心","address":"新北市板橋區四川路2段16巷8號6樓","tel":"89668658","type":"老人福利機構","note":"養護","twd97X":"296043.08","twd97Y":"2765527.3","wgs84aX":"121.456129085524","wgs84aY":"24.9970413259652"},{"no":"15","title":"新北市私立廣權老人養護中心","address":"新北市板橋區廣權路2號5樓","tel":"89514435","type":"老人福利機構","note":"養護","twd97X":"296465.72","twd97Y":"2764846.5","wgs84aX":"121.460292953402","wgs84aY":"24.9908820543107"},{"no":"16","title":"新北市私立慈徽老人養護中心","address":"新北市板橋區四川路2段16巷1號2樓","tel":"89665598","type":"老人福利機構","note":"養護","twd97X":"296013.56","twd97Y":"2765467.93","wgs84aX":"121.45583459915","wgs84aY":"24.9965062025414"},{"no":"17","title":"新北市私立永順老人養護中心","address":"新北市中和區健康路2號5樓","tel":"32340828","type":"老人福利機構","note":"養護","twd97X":"300545.4","twd97Y":"2765707.08","wgs84aX":"121.500736881","wgs84aY":"24.9985209319"},{"no":"18","title":"新北市私立慈美老人養護中心","address":"新北市中和區中山路2段315巷2號6樓","tel":"22467727","type":"老人福利機構","note":"養護","twd97X":"299867.18","twd97Y":"2766065.24","wgs84aX":"121.494031146736","wgs84aY":"25.0017768496598"},{"no":"19","title":"新北市私立皇佳老人長期照顧中心(養護型)","address":"新北市中和區中山路2段562號10樓","tel":"22286187","type":"老人福利機構","note":"養護","twd97X":"298757.1","twd97Y":"2766440.31","wgs84aX":"121.483047180265","wgs84aY":"25.0051991130854"},{"no":"20","title":"新北市私立美馨老人長期照顧中心(養護型)","address":"新北市中和區板南路337號5樓","tel":"22451915","type":"老人福利機構","note":"養護","twd97X":"299850.11","twd97Y":"2765666.51","wgs84aX":"121.493847640298","wgs84aY":"24.9981776873979"},{"no":"21","title":"新北市私立双慈老人長期照顧中心(養護型)","address":"新北市中和區中正路909號5樓","tel":"82286093","type":"老人福利機構","note":"養護","twd97X":"298808.16","twd97Y":"2766578.42","wgs84aX":"121.483557955687","wgs84aY":"25.0064443561971"},{"no":"22","title":"新北市私立永瑞老人長期照顧中心(養護型)","address":"新北市新莊區化成路354號4樓","tel":"29941223","type":"老人福利機構","note":"養護","twd97X":"297009.67","twd97Y":"2771306.96","wgs84aX":"121.465901347536","wgs84aY":"25.0491907398429"},{"no":"23","title":"新北市私立景馨老人長期照顧中心(養護型)","address":"新北市新莊區化成路63巷41號3樓","tel":"89921892","type":"老人福利機構","note":"養護","twd97X":"296744.69","twd97Y":"2770927.15","wgs84aX":"121.463262380943","wgs84aY":"25.0457700210299"},{"no":"24","title":"新北市私立佳康老人長期照顧中心(養護型)","address":"新北市新莊區雙鳳路111號 ","tel":"29083466","type":"老人福利機構","note":"養護","twd97X":"291765.63","twd97Y":"2768951.65","wgs84aX":"121.413858725241","wgs84aY":"25.0280806172635"},{"no":"25","title":"新北市私立健安老人長期照顧中心(養護型)","address":"新北市新莊區雙鳳路121、123號7樓 ","tel":"29031356","type":"老人福利機構","note":"養護","twd97X":"291709.8","twd97Y":"2768946.35","wgs84aX":"121.413305376729","wgs84aY":"25.0280343824075"},{"no":"26","title":"財團法人私立廣恩老人養護中心","address":"新北市新店區北宜路2段579巷45號","tel":"22173517","type":"老人福利機構","note":"養護","twd97X":"307078.23","twd97Y":"2760991.62","wgs84aX":"121.565258608579","wgs84aY":"24.9557180017854"},{"no":"27","title":"新北市私立樂活老人長期照顧中心(養護型)","address":"新北市新店區中正路493號8樓","tel":"86676483","type":"老人福利機構","note":"養護/長照","twd97X":"304676.94","twd97Y":"2762271.41","wgs84aX":"121.541529465","wgs84aY":"24.967360354"},{"no":"28","title":"新北市私立皇冠老人養護中心","address":"新北市新店區民權路60號4樓","tel":"29125488","type":"老人福利機構","note":"養護","twd97X":"304676.94","twd97Y":"2762271.41","wgs84aX":"121.541529465","wgs84aY":"24.967360354"},{"no":"29","title":"天主教耕莘醫療財團法人耕莘醫院辦理衛生福利部北區老人之家頤苑自費安養中心","address":"新北市新店區屈尺路81號 ","tel":"26660105","type":"老人福利機構","note":"安養","twd97X":"305102.68","twd97Y":"2757316.28","wgs84aX":"121.545548850195","wgs84aY":"24.9226097878257"},{"no":"30","title":"新北市私立溫馨老人長期照顧中心(養護型)","address":"新北市新店區民權路147號4樓","tel":"82187408","type":"老人福利機構","note":"養護","twd97X":"303960.34","twd97Y":"2763931.81","wgs84aX":"121.534497140003","wgs84aY":"24.9823760384268"},{"no":"31","title":"新北市私立圓滿老人長期照顧中心(養護型)","address":"新北市三重區重新路5段639之1號10樓","tel":"29998867","type":"老人福利機構","note":"養護","twd97X":"297101.88","twd97Y":"2770666.73","wgs84aX":"121.466793306485","wgs84aY":"25.0434078483642"},{"no":"32","title":"新北市私立祐安老人長期照顧中心(養護型)","address":"新北市三重區自強路4段6號3樓","tel":"22866311","type":"老人福利機構","note":"養護","twd97X":"299259.91","twd97Y":"2774309.02","wgs84aX":"121.488309728758","wgs84aY":"25.0762216452648"},{"no":"33","title":"新北市私立今光愛心老人養護中心","address":"新北市三重區成功路97號2樓","tel":"29768888","type":"老人福利機構","note":"養護","twd97X":"299249.29","twd97Y":"2771583.92","wgs84aX":"121.488106942726","wgs84aY":"25.0516198438005"},{"no":"34","title":"新北市私立蓮愛老人養護中心","address":"新北市三重區溪尾街41號2樓","tel":"29896770","type":"老人福利機構","note":"養護","twd97X":"299557.49","twd97Y":"2774299.67","wgs84aX":"121.491259188798","wgs84aY":"25.0761275292161"},{"no":"35","title":"新北市私立同心老人養護中心","address":"新北市土城區中央路4段127號9樓、9樓之1、10樓、10樓之1、11樓之1","tel":"22673230","type":"老人福利機構","note":"養護","twd97X":"292030.06","twd97Y":"2761128.65","wgs84aX":"121.416241022587","wgs84aY":"24.9574461105266"},{"no":"36","title":"新北市私立大眾老人養護中心","address":"新北市土城區清水路114號2樓","tel":"22749015","type":"老人福利機構","note":"養護","twd97X":"296242","twd97Y":"2763807.23","wgs84aX":"121.458042098088","wgs84aY":"24.9815062828363"},{"no":"37","title":"新北市私立安新老人長期照顧中心(養護型)","address":"新北市三峽區民生街85號4樓","tel":"86710158","type":"老人福利機構","note":"養護","twd97X":"287848.24","twd97Y":"2758709.16","wgs84aX":"121.374761375703","wgs84aY":"24.9357122835664"},{"no":"38","title":"新北市私立衡安老人長期照顧中心(養護型)","address":"新北市三峽區文化路59巷7樓之2、8樓之2","tel":"86711558","type":"老人福利機構","note":"養護","twd97X":"287090","twd97Y":"2758716","wgs84aX":"121.367253767","wgs84aY":"24.9357927557"},{"no":"39","title":"新北市私立主恩福老人養護中心","address":"新北市三峽區和平街65-5、65-7號1樓、65-4號2樓","tel":"86713896","type":"老人福利機構","note":"養護","twd97X":"287378.77","twd97Y":"2758805.95","wgs84aX":"121.370115441228","wgs84aY":"24.9365977399849"},{"no":"40","title":"新北市私立慈恩老人長期照顧中心(養護型)","address":"新北市三峽區大利路4號1、2樓、6號2樓","tel":"26738500","type":"老人福利機構","note":"養護","twd97X":"287014.52","twd97Y":"2756029.08","wgs84aX":"121.366434720812","wgs84aY":"24.9115362845264"},{"no":"41","title":"新北市私立思源老人養護中心","address":"新北市淡水區下圭柔山72-5號","tel":"26211033","type":"老人福利機構","note":"養護","twd97X":"294931.61","twd97Y":"2788552.24","wgs84aX":"121.445871488746","wgs84aY":"25.2049434602762"},{"no":"42","title":"新北市私立思福老人長期照顧中心(養護型)","address":"新北市淡水區下圭柔山114-7號","tel":"26215757","type":"老人福利機構","note":"養護","twd97X":"294927.51","twd97Y":"2789229.64","wgs84aX":"121.445853006564","wgs84aY":"25.2110591008694"},{"no":"43","title":"新北市私立明厚老人長期照顧中心(養護型)","address":"新北市淡水區中正東路1段27號2樓之1","tel":"26297281","type":"老人福利機構","note":"養護","twd97X":"295562.09","twd97Y":"2783950.41","wgs84aX":"121.451974481743","wgs84aY":"25.1633797641441"},{"no":"44","title":"財團法人臺灣省私立健順養護中心","address":"新北市深坑區昇高里王軍寮9號","tel":"26622499","type":"老人福利機構","note":"養護","twd97X":"312265.4","twd97Y":"2763881.55","wgs84aX":"121.61675609898","wgs84aY":"24.9816041595629"},{"no":"45","title":"新北市私立頤瑞老人長期照顧中心(養護型)","address":"新北市瑞芳區一坑路502號、502號2樓、502號3樓","tel":"24063372","type":"老人福利機構","note":"養護","twd97X":"331188","twd97Y":"2778023","wgs84aX":"121.805009917","wgs84aY":"25.1083705765"},{"no":"46","title":"新北市私立大漢老人長期照顧中心(養護型)","address":"新北市汐止區福德路38號5樓之1","tel":"26933978","type":"老人福利機構","note":"養護","twd97X":"316511.8","twd97Y":"2773488.03","wgs84aX":"121.659278851","wgs84aY":"25.0681489016"},{"no":"47","title":"財團法人新北市私立馨園老人養護中心","address":"新北市萬里區公舘崙23-1號","tel":"24989331","type":"老人福利機構","note":"養護","twd97X":"319496.54","twd97Y":"2785669.35","wgs84aX":"121.689479516","wgs84aY":"25.1779824055"},{"no":"48","title":"財團法人臺灣省私立桃園仁愛之家","address":"桃園縣楊梅市高榮里東高山頂9-12號","tel":"03-4643385","type":"老人福利機構","note":"養護","twd97X":"266963.88","twd97Y":"2759026.78","wgs84aX":"121.167976049744","wgs84aY":"24.9389564349557"},{"no":"49","title":"新北市私立新陽光老人長期照顧中心(養護型)","address":"新北市汐止區福德路38號4樓","tel":"26933978","type":"老人福利機構","note":"養護","twd97X":"316511.8","twd97Y":"2773488.03","wgs84aX":"121.659278851","wgs84aY":"25.0681489016"},{"no":"50","title":"財團法人高雄市私立聖和社會福利慈善事業基金會附設高雄市私立聖和老人長期照顧中心（養護型）    ","address":"高雄市路竹區保民路99巷36號","tel":"07-6071466 ","type":"老人福利機構","note":"養護","twd97X":"174942","twd97Y":"2527301","wgs84aX":"120.268661154","wgs84aY":"22.8449578018"},{"no":"51","title":"佳醫護理之家","address":"新北市汐止區茄苳路296號","tel":"86486672","type":"護理之家","note":"護理之家","twd97X":"317899.13","twd97Y":"2773373.07","wgs84aX":"121.673024046446","wgs84aY":"25.0670493922772"},{"no":"52","title":"臺北縣私立慧和護理之家","address":"新北市新店區中正路54巷6號2樓","tel":"29106171","type":"護理之家","note":"護理之家","twd97X":"305013.84","twd97Y":"2762611.01","wgs84aX":"121.544879617675","wgs84aY":"24.970414045618"},{"no":"53","title":"臺北縣私立愛德護理之家","address":"新北市新莊區思源路53號1樓 ","tel":"8992-9888","type":"護理之家","note":"護理之家","twd97X":"296399.67","twd97Y":"2770309.55","wgs84aX":"121.459822388384","wgs84aY":"25.0402048874483"},{"no":"54","title":"感恩護理之家","address":"台中市新社區興安路31巷41號之1","tel":"04-25820736","type":"護理之家","note":"護理之家","twd97X":"230796","twd97Y":"2682134","wgs84aX":"120.810888274","wgs84aY":"24.2446783432"},{"no":"55","title":"新佳源護理之家","address":"新北市三峽區中山路171號3樓","tel":"2671-3568 ","type":"護理之家","note":"護理之家","twd97X":"286778","twd97Y":"2758789.2","wgs84aX":"121.364166450489","wgs84aY":"24.9364612456617"},{"no":"56","title":"皇家護理之家","address":"新北市中和區中山路二段562號5樓","tel":"22261881","type":"護理之家","note":"護理之家","twd97X":"298757.1","twd97Y":"2766440.31","wgs84aX":"121.483047180265","wgs84aY":"25.0051991130854"},{"no":"57","title":"同仁醫院附設土城護理之家","address":"新北市土城區中央路4段127號","tel":"22673230","type":"護理之家","note":"護理之家","twd97X":"292030.06","twd97Y":"2761128.65","wgs84aX":"121.416241022587","wgs84aY":"24.9574461105266"},{"no":"58","title":"私立承康護理之家","address":"新北市土城區中央路二段191號4樓","tel":"82620127","type":"護理之家","note":"護理之家","twd97X":"294637.44","twd97Y":"2763138.67","wgs84aX":"121.442127164454","wgs84aY":"24.9755185095872"},{"no":"59","title":"八里佳醫護理之家","address":"新北市八里區觀海大道185號 ","tel":"26103313","type":"護理之家","note":"護理之家","twd97X":"292468.85","twd97Y":"2783814.44","wgs84aX":"121.421286147312","wgs84aY":"25.162242696338"},{"no":"60","title":"景安護理之家","address":"新北市中和區景安路42號5樓、46號4、5樓","tel":"22489826","type":"護理之家","note":"護理之家","twd97X":"301166.2","twd97Y":"2765667.41","wgs84aX":"121.506885315975","wgs84aY":"24.9981419368939"},{"no":"61","title":"私立大愛護理之家","address":"新北市三重區三和路4段103-1號","tel":"2287-0555","type":"護理之家","note":"護理之家","twd97X":"299140.98","twd97Y":"2774353.76","wgs84aX":"121.487132390153","wgs84aY":"25.0766294267205"},{"no":"62","title":"信和精神護理之家","address":"臺中市大里區中投西路3段219號6樓","tel":"04-24181555","type":"護理之家","note":"護理之家","twd97X":"217245.9","twd97Y":"2666066.56","wgs84aX":"120.677819083","wgs84aY":"24.0993773449"},{"no":"63","title":"匯安護理之家","address":"新北市新店區寶興路37號3樓","tel":"29129020","type":"護理之家","note":"護理之家","twd97X":"305451.09","twd97Y":"2763026.86","wgs84aX":"121.549226815277","wgs84aY":"24.9741524064965"},{"no":"64","title":"三芳護理之家","address":"新北市板橋大觀路3段236號6樓","tel":"26876363","type":"護理之家","note":"護理之家","twd97X":"296968","twd97Y":"2767206","wgs84aX":"121.465348676","wgs84aY":"25.0121683607"},{"no":"65","title":"福德護理之家","address":"新北市新店區中正路500號2~3樓、502號3樓","tel":"22191818","type":"護理之家","note":"護理之家","twd97X":"303936.96","twd97Y":"2763933.31","wgs84aX":"121.534265648567","wgs84aY":"24.9823904108891"},{"no":"66","title":"新北市仁康醫院附設護理之家","address":"新北市新店區安康路二段323號3樓","tel":"22152217","type":"護理之家","note":"護理之家","twd97X":"300453.32","twd97Y":"2760946.14","wgs84aX":"121.499651059982","wgs84aY":"24.9555418955882"},{"no":"67","title":"仁愛醫院","address":"新北市樹林區文化街9號","tel":"26834567","type":"醫院","note":"呼吸照護","twd97X":"292403.4","twd97Y":"2764424.17","wgs84aX":"121.42003921001","wgs84aY":"24.9871882391524"},{"no":"68","title":"同仁醫院","address":"新北市新店區民權路89號","tel":"29170201","type":"醫院","note":"呼吸照護","twd97X":"304288.1","twd97Y":"2763976.4","wgs84aX":"121.537745358315","wgs84aY":"24.982766933881"},{"no":"69","title":"板橋國泰醫院","address":"新北市板橋區忠孝路5號","tel":"29621333","type":"醫院","note":"呼吸照護","twd97X":"296421.67","twd97Y":"2766068.65","wgs84aX":"121.459897722474","wgs84aY":"25.0019170958302"},{"no":"70","title":"衛生福利部樂生療養院","address":"新北市新莊區中正路794號","tel":"82006600","type":"醫院","note":"呼吸照護","twd97X":"292525.56","twd97Y":"2768991.96","wgs84aX":"121.421390042668","wgs84aY":"25.0284233960923"},{"no":"71","title":"恩樺醫院","address":"新北市土城區中央路一段7號","tel":"22639955","type":"醫院","note":"呼吸照護","twd97X":"295292.92","twd97Y":"2764861.34","wgs84aX":"121.448675848263","wgs84aY":"24.9910515485468"},{"no":"72","title":"大川醫院","address":"苗栗縣苗栗市中正路416號","tel":"(03)7357125","type":"醫院","note":"呼吸照護","twd97X":"231370","twd97Y":"2715818","wgs84aX":"120.81610097","wgs84aY":"24.5488201711"},{"no":"73","title":"中英醫療社團法人中英醫院","address":"新北市板橋區文化路1段196號","tel":"22563584","type":"醫院","note":"呼吸照護","twd97X":"297057.28","twd97Y":"2768060.95","wgs84aX":"121.466262347174","wgs84aY":"25.0198841554029"},{"no":"74","title":"宏仁醫院","address":"新北市三重區三和路二段186號","tel":"29788877","type":"醫院","note":"呼吸照護","twd97X":"300304.07","twd97Y":"2773505.06","wgs84aX":"121.498630697492","wgs84aY":"25.068929096964"},{"no":"75","title":"蕭中正醫院","address":"新北市板橋區南雅南路一段15之1號","tel":"2968-5661 ","type":"醫院","note":"呼吸照護","twd97X":"296073.94","twd97Y":"2766627.13","wgs84aX":"121.456471444471","wgs84aY":"25.0069697102994"},{"no":"76","title":"益民醫院","address":"新北市新莊區中港路127號","tel":"89911050#606","type":"醫院","note":"呼吸照護","twd97X":"295934.89","twd97Y":"2770294.96","wgs84aX":"121.455215977474","wgs84aY":"25.0400873378038"},{"no":"77","title":"新北市私立智英老人長期照護中心","address":"新北市新莊區中正路544-36號1樓","tel":"29085498","type":"補助原在案個案合約機構（不補助新申請及轉介入住）","note":"長照","twd97X":"293428.81","twd97Y":"2769335.86","wgs84aX":"121.430351066523","wgs84aY":"25.0315024979156"},{"no":"78","title":"新北市私立百鶴老人養護中心","address":"新北市三重區成功路97號10樓","tel":"89731580","type":"補助原在案個案合約機構（不補助新申請及轉介入住）","note":"養護","twd97X":"299249.29","twd97Y":"2771583.92","wgs84aX":"121.488106942726","wgs84aY":"25.0516198438005"},{"no":"79","title":"新北市私立心田老人長期照顧中心(養護型)","address":"新北市板橋區廣權路2號3樓、6號3樓","tel":"89511426","type":"補助原在案個案合約機構（不補助新申請及轉介入住）","note":"養護","twd97X":"296465.72","twd97Y":"2764846.5","wgs84aX":"121.460292953402","wgs84aY":"24.9908820543107"},{"no":"80","title":"新北市私立廣春老人長期照顧中心(養護型)","address":"新北市三峽區復興路176號2樓","tel":"86715397","type":"補助原在案個案合約機構（不補助新申請及轉介入住）","note":"養護","twd97X":"287416.74","twd97Y":"2759039.5","wgs84aX":"121.370497761937","wgs84aY":"24.9387053809105"},{"no":"81","title":"新北市私立鴻欣老人長期照顧中心(養護型)","address":"新北市三峽區復興路176號3樓","tel":"86715396","type":"補助原在案個案合約機構（不補助新申請及轉介入住）","note":"養護","twd97X":"287416.74","twd97Y":"2759039.5","wgs84aX":"121.370497761937","wgs84aY":"24.9387053809105"},{"no":"82","title":"財團法人桃園縣私立甡光社會福利基金會附設桃園縣私立甡光老人養護中心","address":"桃園縣平鎮市南平路2段516巷99號","tel":"(03)4643380","type":"補助原在案個案合約機構（不補助新申請及轉介入住）","note":"養護","twd97X":"271345","twd97Y":"2756914","wgs84aX":"121.211325029","wgs84aY":"24.9198261792"},{"no":"83","title":"新北市私立木新居護理之家","address":"新北市土城區清水路114號3~5樓","tel":"22740855","type":"補助原在案個案合約機構（不補助新申請及轉介入住）","note":"護理之家","twd97X":"296242","twd97Y":"2763807.23","wgs84aX":"121.458042098088","wgs84aY":"24.9815062828363"},{"no":"84","title":"基隆市私立和平護理之家","address":"基隆市中正區平一路280號","tel":"24631313","type":"補助原在案個案合約機構（不補助新申請及轉介入住）","note":"護理之家","twd97X":"327199","twd97Y":"2783212","wgs84aX":"121.765752365","wgs84aY":"25.1554232502"},{"no":"85","title":"新興護理之家","address":"新北市新店區中正路523號2-5樓","tel":"82192253","type":"補助原在案個案合約機構（不補助新申請及轉介入住）","note":"護理之家","twd97X":"303854.25","twd97Y":"2764243.28","wgs84aX":"121.533458505893","wgs84aY":"24.9851917658433"},{"no":"86","title":"新北市私立連旺老人長期照顧中心(養護型)","address":"新北市板橋區中山路一段311號1樓-3樓","tel":"89520509","type":"補助原在案個案合約機構（不補助新申請及轉介入住）","note":"養護","twd97X":"296334.8","twd97Y":"2766920.84","wgs84aX":"121.459065708","wgs84aY":"25.0096133855"},{"no":"87","title":"新北市私立弘安老人長期照顧中心(養護型)","address":"新北市泰山區新北大道6段397號8樓、409號8樓","tel":"29018287","type":"補助原在案個案合約機構（不補助新申請及轉介入住）","note":"養護","twd97X":"292537","twd97Y":"2769407.87","wgs84aX":"121.421516203321","wgs84aY":"25.0321779777629"},{"no":"88","title":"新北市私立祥好尊榮老人養護中心","address":"新北市板橋區中山路1段206巷6號4樓","tel":"29540868","type":"補助原在案個案合約機構（不補助新申請及轉介入住）","note":"養護","twd97X":"297471.56","twd97Y":"2767285.21","wgs84aX":"121.470340476209","wgs84aY":"25.012867751726"},{"no":"89","title":"新北市私立匯安老人長期照顧中心(養護型)","address":"新北市新店區中正路399巷7號1~4樓","tel":"86656656","type":"補助原在案個案合約機構（不補助新申請及轉介入住）","note":"養護","twd97X":"303943.67","twd97Y":"2763324.33","wgs84aX":"121.534308388116","wgs84aY":"24.9768923496825"},{"no":"90","title":"新北市私立匯福老人長期照顧中心(養護型)","address":"新北市新店區竹林路99號1-4樓","tel":"22178035","type":"補助原在案個案合約機構（不補助新申請及轉介入住）","note":"養護","twd97X":"305999.06","twd97Y":"2760393.05","wgs84aX":"121.554547536241","wgs84aY":"24.9503543047555"},{"no":"91","title":"新北市私立大坪林老人長期照顧中心(養護型)","address":"新北市新店區民權路58號5樓、60號5樓","tel":"29111377","type":"補助原在案個案合約機構（不補助新申請及轉介入住）","note":"養護","twd97X":"304676.94","twd97Y":"2762271.41","wgs84aX":"121.541529465","wgs84aY":"24.967360354"},{"no":"92","title":"新北市私立沐心老人長期照顧中心(養護型)","address":"新北市三重區重新路5段635之2號、635之2號2樓、635之2號3樓","tel":"29990737","type":"補助原在案個案合約機構（不補助新申請及轉介入住）","note":"養護","twd97X":"297140.6","twd97Y":"2770700.51","wgs84aX":"121.467178152165","wgs84aY":"25.0437115953834"}]