[{"mode":"機構式","no":"1","title":"財團法人天主教耕莘醫院附設護理之家-日間照顧中心","person_in_charge":"李美蘭","tel":"2219-3391#65331、65139","address":"新北市新店區中正路362號","twd97X":"304076.34","twd97Y":"2763235.3","wgs84aX":"121.535618974184","wgs84aY":"24.9760838423589"},{"mode":"機構式","no":"2","title":"新北汐止佳醫公共托老中心-日間照顧中心暨銀髮俱樂部","person_in_charge":"林娟如","tel":"8648-6672#215","address":"新北市汐止區茄苳路296號","twd97X":"317899.13","twd97Y":"2773373.07","wgs84aX":"121.673024046446","wgs84aY":"25.0670493922772"},{"mode":"機構式","no":"3","title":"新北市深坑詠靜公共托老中心-日間照顧中心暨銀髮俱樂部","person_in_charge":"彭繼明","tel":"2662-1620","address":"新北市深坑區北深路三段99號","twd97X":"311148.79","twd97Y":"2766098.78","wgs84aX":"121.605794381305","wgs84aY":"25.0016665143462"},{"mode":"社區式","no":"4","title":"新北市泰山奇蹟公共托老中心-日間照顧中心暨銀髮俱樂部","person_in_charge":"李曉貞","tel":"2906-2242#300、312","address":"新北市泰山區新生路4號","twd97X":"293210.91","twd97Y":"2770816.02","wgs84aX":"121.428238265867","wgs84aY":"25.044871746185"},{"mode":"社區式","no":"5","title":"新莊愛活樂園日間照顧中心","person_in_charge":"周月玲","tel":"2203-0616","address":"新北市新莊區四維路21號4樓","twd97X":"292784.77","twd97Y":"2768500.69","wgs84aX":"121.423943242139","wgs84aY":"25.0239808428901"},{"mode":"社區式","no":"6","title":"新北市板橋頤安公共托老中心-日間照顧中心暨銀髮俱樂部","person_in_charge":"高慧萍\n黃冠評","tel":"8953-3885","address":"新北市板橋區廣權路130號2樓","twd97X":"297005.24","twd97Y":"2765082.15","wgs84aX":"121.465645337474","wgs84aY":"24.9929929443711"},{"mode":"社區式","no":"7","title":"新北市永和民權公共托老中心-日間照顧中心暨銀髮俱樂部","person_in_charge":"連麗珠\n林欣宜","tel":"2945-1169","address":"新北市永和區民權路60號5樓","twd97X":"302482.1","twd97Y":"2765658.62","wgs84aX":"121.519920709433","wgs84aY":"24.9980176376539"},{"mode":"社區式","no":"8","title":"新北市新店碧潭公共托老中心-日間照顧中心暨銀髮俱樂部","person_in_charge":"黃秋華","tel":"2912-1592","address":"新北市新店區新店路159號2樓","twd97X":"304222.46","twd97Y":"2760927.93","wgs84aX":"121.5369757753","wgs84aY":"24.9552476283072"},{"mode":"社區式","no":"9","title":"新北市土城頂埔公共托老中心-日間照顧中心暨銀髮俱樂部","person_in_charge":"廖雅芳","tel":"2269-5333\n2269-6222","address":"新北市土城區中央路四段271巷12號","twd97X":"291882.43","twd97Y":"2760726.38","wgs84aX":"121.414766808848","wgs84aY":"24.9538184516572"},{"mode":"社區式","no":"10","title":"新北市三重溪美公共托老中心-日間照顧中心暨銀髮俱樂部","person_in_charge":"陳貞如","tel":"8985-9771","address":"新北市三重區溪尾街73號5樓","twd97X":"299490.09","twd97Y":"2774490.9","wgs84aX":"121.490597912466","wgs84aY":"25.0778561462144"},{"mode":"社區式","no":"11","title":"新北市三重台北橋公共托老中心-日間照顧中心暨銀髮俱樂部","person_in_charge":"林慧萍","tel":"2976-9115","address":"新北市三重區重新路一段108號2樓","twd97X":"300530.4","twd97Y":"2772867.41","wgs84aX":"121.500850709341","wgs84aY":"25.0631649143091"},{"mode":"社區式","no":"12","title":"新北市板橋海山公共托老中心-日間照顧中心暨銀髮俱樂部","person_in_charge":"常繼步","tel":"8952-0151","address":"新北市板橋區長安街253號1樓及2樓","twd97X":"297719.34","twd97Y":"2766991.97","wgs84aX":"121.472785198559","wgs84aY":"25.0102125832288"},{"mode":"社區式","no":"13","title":"新北市淡水北海岸公共托老中心-日間照顧中心暨銀髮俱樂部","person_in_charge":"陳香夷","tel":"2805-3392","address":"新北市淡水區沙崙路300號1樓","twd97X":"293093.13","twd97Y":"2786579","wgs84aX":"121.427565792914","wgs84aY":"25.1871831391397"},{"mode":"社區式","no":"14","title":"新北市林口仁愛公共托老中心-日間照顧中心暨銀髮俱樂部","person_in_charge":"廖秀珠","tel":"2606-8117","address":"新北市林口區文化一路1段137號1樓","twd97X":"287720.59","twd97Y":"2773800.89","wgs84aX":"121.373909549485","wgs84aY":"25.0719664519146"},{"mode":"社區式","no":"15","title":"新北市八里下庄公共托老中心-日間照顧中心暨銀髮俱樂部","person_in_charge":"洪嘉恩","tel":"8630-4270","address":"新北市八里區舊城路19號3樓","twd97X":"290314.57","twd97Y":"2782073.23","wgs84aX":"121.399865125034","wgs84aY":"25.1465823764591"},{"mode":"社區式","no":"16","title":"新北市中和大同公共托老中心-日間照顧中心暨銀髮俱樂部","person_in_charge":"俞正信","tel":"2240-0662","address":"新北市中和區圓通路121巷5號2至4樓","twd97X":"300438.51","twd97Y":"2765439.43","wgs84aX":"121.499668284995","wgs84aY":"24.9961081370222"},{"mode":"社區式","no":"17","title":"新北市瑞芳明燈公共托老中心-日間照顧中心暨銀髮俱樂部","person_in_charge":"李羿萱","tel":"24063888\n24062255","address":"新北市瑞芳區明燈路三段2號2樓","twd97X":"331584.64","twd97Y":"2777961.75","wgs84aX":"121.808938959679","wgs84aY":"25.1077962075548"},{"mode":"社區式","no":"18","title":"新北市新莊頭前公共托老中心-日間照顧中心暨銀髮俱樂部","person_in_charge":"廖泰翔","tel":"2998-6838","address":"新北市新莊區長青街30號1至3樓","twd97X":"296067.91","twd97Y":"2770543","wgs84aX":"121.456542523297","wgs84aY":"25.0423226402573"},{"mode":"社區式","no":"19","title":"新北市五股獅子頭公共托老中心-日間照顧中心暨銀髮俱樂部","person_in_charge":"黃秀梅","tel":"2293-2666","address":"新北市五股區孝義路30號","twd97X":"295651.72","twd97Y":"2777787.78","wgs84aX":"121.452658481303","wgs84aY":"25.107741157695"},{"mode":"社區式","no":"20","title":"新北市鶯歌大湖公共托老中心-日間照顧中心暨銀髮俱樂部","person_in_charge":"何天元","tel":"2677-6759","address":"新北市鶯歌區大湖路338巷2號","twd97X":"284958.41","twd97Y":"2762618.46","wgs84aX":"121.346246289948","wgs84aY":"24.9710757818557"},{"mode":"社區式","no":"21","title":"新北市蘆洲集賢公共托老中心-日間照顧中心暨銀髮俱樂部","person_in_charge":"常繼步","tel":"8285-3333","address":"新北市蘆洲區集賢路245號","twd97X":"298579.88","twd97Y":"2775258.1","wgs84aX":"121.481602317388","wgs84aY":"25.0848118931982"},{"mode":"社區式","no":"22","title":"新北市新莊昌平公共托老中心-日間照顧中心暨銀髮俱樂部","person_in_charge":"廖泰翔","tel":"8521-7872","address":"新北市新莊區中央路51號","twd97X":"296105.72","twd97Y":"2772344.62","wgs84aX":"121.456977510346","wgs84aY":"25.0585866076036"},{"mode":"社區式","no":"23","title":"新北市三峽北大公共托老中心-日間照顧中心暨銀髮俱樂部","person_in_charge":"朱若慈","tel":"8671-3217","address":"新北市三峽區學成路396號","twd97X":"288149.58","twd97Y":"2759649.62","wgs84aX":"121.377770976549","wgs84aY":"24.9441955352772"},{"mode":"據點式","no":"24","title":"新北市三芝三和公共托老中心-日間托老暨銀髮俱樂部","person_in_charge":"黃雅君","tel":"2636-5499","address":"新北市三芝區新庄里番社后3-1號","twd97X":"301107.27","twd97Y":"2795968.5","wgs84aX":"121.507430697839","wgs84aY":"25.2716980959905"},{"mode":"據點式","no":"25","title":"新北市石門老梅公共托老中心-日間托老暨銀髮俱樂部","person_in_charge":"蔡碧真","tel":"2638-3342","address":"新北市石門區老梅里公地44號","twd97X":"304939.34","twd97Y":"2797983.01","wgs84aX":"121.545558373999","wgs84aY":"25.289748590672"},{"mode":"據點式","no":"26","title":"新北市石碇區楓子林公共托老中心-日間托老暨銀髮俱樂部","person_in_charge":"張文宣","tel":"2663-2885","address":"新北市石碇區豐林里楓子林32-1號3樓","twd97X":"314848.47","twd97Y":"2767018.04","wgs84aX":"121.642488078583","wgs84aY":"25.0098116290376"},{"mode":"據點式","no":"27","title":"新北市萬里瑪鋉公共托老中心-日間托老暨銀髮俱樂部","person_in_charge":"陳惠美","tel":"2492-8312","address":"新北市萬里區瑪鋉路221號3樓","twd97X":"319513.81","twd97Y":"2785869.84","wgs84aX":"121.689661011967","wgs84aY":"25.1797914948393"},{"mode":"據點式","no":"28","title":"新北市金山金包里公共托老中心-日間托老暨銀髮俱樂部","person_in_charge":"蔡筱柔","tel":"2408-2114","address":"新北市金山區中山路257號1、2樓","twd97X":"314170.81","twd97Y":"2790529.55","wgs84aX":"121.636873506935","wgs84aY":"25.2220949252192"},{"mode":"據點式","no":"29","title":"新北市貢寮福隆公共托老中心-日間托老暨銀髮俱樂部","person_in_charge":"周雅蘋","tel":"2492-8312","address":"新北市貢寮區福隆街60號2F","twd97X":"345450.76","twd97Y":"2768146.46","wgs84aX":"121.945731984962","wgs84aY":"25.0183792556091"},{"mode":"據點式","no":"30","title":"新北市雙溪建興公共托老中心-日間托老暨銀髮俱樂部","person_in_charge":"簡文政","tel":"2493-1169","address":"新北市雙溪區新基西街19號","twd97X":"337327.02","twd97Y":"2770218.35","wgs84aX":"121.865380228234","wgs84aY":"25.0375730425692"},{"mode":"據點式","no":"31","title":"新北市平溪十分公共托老中心-日間托老暨銀髮俱樂部","person_in_charge":"劉靜芳","tel":"2495-8073","address":"新北市平溪區十分里十分街66巷1號","twd97X":"328284.85","twd97Y":"2770646.22","wgs84aX":"121.775806534761","wgs84aY":"25.0419304504281"},{"mode":"據點式","no":"32","title":"新北市坪林水柳腳公共托老中心-日間托老暨銀髮俱樂部","person_in_charge":"高育菁","tel":"2665-8373","address":"新北市坪林區北宜路8段67號2-3F","twd97X":"321231.67","twd97Y":"2758808.89","wgs84aX":"121.705303547963","wgs84aY":"24.9354149796056"},{"mode":"據點式","no":"33","title":"新北市樹林原動力公共托老中心-日間托老暨銀髮俱樂部","person_in_charge":"陳宗伶","tel":"3501-6895","address":"新北市樹林區中山路三段40號3樓","twd97X":"289847.06","twd97Y":"2762806.56","wgs84aX":"121.394670557857","wgs84aY":"24.9726534974904"}]