[{"no":"1","title":"財團法人新北市私立明新兒童發展中心","address":"新北市中和區圓通路296巷31弄1號","tel":"TEL:2247-3769。FAX:2240-8012","subjects":"身心障礙兒童及成人、發展遲緩兒童","type":"日間托育","twd97X":"299310.38","twd97Y":"2764809.19","wgs84aX":"121.48847025411","wgs84aY":"24.9904553813263"},{"no":"2","title":"財團法人第一社會福利基金會附設新北市私立中和發展中心","address":"新北市中和區建一路150號2樓之2、2樓之3","tel":"TEL:8226-3522；\n8226-3464。\nFAX:8226-3475","subjects":"0-6歲領有身障手冊或發展遲緩證明者、14-40歲智能障礙、自閉症及合併心智障礙之多重障礙者","type":"日間托育","twd97X":"299241.57","twd97Y":"2765692.82","wgs84aX":"121.487820157694","wgs84aY":"24.9984351502204"},{"no":"3","title":"財團法人台灣兒童暨家庭扶助基金會附設新北市私立家扶發展學園","address":"新北市板橋區四川路二段245巷119號","tel":"TEL:8966-2926。FAX:8951-2930；8966-2930","subjects":"身心障礙兒童及發展遲緩兒童","type":"日間托育","twd97X":"295746.39","twd97Y":"2765039.55","wgs84aX":"121.453173803081","wgs84aY":"24.9926467819785"},{"no":"4","title":"財團法人友好公益基金會附設新北市私立友好潛能發展中心","address":"新北市新店區行政街10巷6號","tel":"TEL:2912-9222；2914-3307。FAX:2917-0975","subjects":"16歲以上身心障礙者","type":"日間托育","twd97X":"304777.8","twd97Y":"2762177.73","wgs84aX":"121.542524650487","wgs84aY":"24.9665109211252"},{"no":"5","title":"財團法人台灣省私立佛教懷仁社會福利慈善事業基金會附設新北市私立佛教中道淨苑板橋中心","address":"新北市板橋區中正路102號2樓","tel":"TEL:2965-4058；2965-4048。FAX:2965-3546","subjects":"15歲至45歲領有身心障礙手冊者","type":"日間托育","twd97X":"296093.89","twd97Y":"2767557.74","wgs84aX":"121.456700139507","wgs84aY":"25.0153707893561"},{"no":"6","title":"新北市政府社會局委託社團法人新北市自閉症服務協進會辦理新北市自閉症潛能發展中心","address":"新北市三重區溪尾街73號1樓","tel":"TEL:2984-9055。FAX:2984-9055","subjects":"1.設籍新北市0至6歲以下之領有自閉症身心障礙手冊或發展遲緩證明之自閉症兒童\n2.設籍新北市且領有身心障礙手冊之國小畢業前自閉症兒童","type":"日間托育","twd97X":"299490.09","twd97Y":"2774490.9","wgs84aX":"121.490597912466","wgs84aY":"25.0778561462144"},{"no":"7","title":"新北市政府社會局委託財團法人天主教光仁社會福利基金會辦理新北市聖心兒童發展中心","address":"新北市三重區溪尾街73號1樓","tel":"TEL:2982-8424。FAX:2982-8434","subjects":"1.設籍新北市0至6歲以下之一般兒童或發展遲緩證明之兒童\n2.設籍新北市且領有身心障礙手冊之國小畢業前兒童","type":"日間托育","twd97X":"299490.09","twd97Y":"2774490.9","wgs84aX":"121.490597912466","wgs84aY":"25.0778561462144"},{"no":"8","title":"新北市政府社會局委託財團法人心路社會福利基金會辦理新北市愛兒兒童發展中心","address":"新北市新店區中正路263巷16號1-3樓","tel":"TEL:2915-6786。FAX:2915-6787","subjects":"1.設籍新北市0至6歲以下之一般兒童或發展遲緩證明之兒童\n2.設籍新北市且領有身心障礙手冊之國小畢業前兒童","type":"日間托育","twd97X":"304321.81","twd97Y":"2762886.26","wgs84aX":"121.538036462508","wgs84aY":"24.9729239722903"},{"no":"9","title":"新北市政府委託財團法人第一社會福利基金會辦理新北市愛智發展中心","address":"新北市板橋區中正路10號1樓","tel":"TEL:2968-8525。FAX:2968-8527","subjects":"1.設籍新北市0至6歲以下領有身心障礙手冊或發展遲緩證明之兒童\n2.設籍新北市且領有身心障礙手冊之學齡兒童","type":"日間托育","twd97X":"296072.28","twd97Y":"2767379.09","wgs84aX":"121.456480054965","wgs84aY":"25.0137585483592"},{"no":"10","title":"新北市政府社會局委託財團法人第一社會福利基金會辦理新北市愛立發展中心","address":"新北市板橋區廣權路130號4樓","tel":"TEL:2954-1149；7730-7599。FAX:2954-5614","subjects":"設籍新北市且領有新北市核發身心障礙手冊之15歲至45歲身心障礙者","type":"日間托育","twd97X":"297005.24","twd97Y":"2765082.15","wgs84aX":"121.465645337474","wgs84aY":"24.9929929443711"},{"no":"11","title":"新北市政府社會局委託財團法人中華民國唐氏症基金會辦理新北市愛樂發展中心","address":"新北市五股區五權路7巷6號1-2樓","tel":"TEL:2299-7222。FAX:2299-4689","subjects":"設籍新北市且領有新北市核發身心障礙手冊之15歲至45歲身心障礙者","type":"日間托育","twd97X":"295231.33","twd97Y":"2773075.01","wgs84aX":"121.448335165732","wgs84aY":"25.0652070038611"},{"no":"12","title":"新北市政府社會局委託財團法人中華民國唐氏症基金會辦理新北市愛家發展中心","address":"新北市泰山區明志路一段205號2樓之2","tel":"TEL:2900-3553。FAX:2900-5218","subjects":"設籍新北市且領有核發身心障礙手冊(證明)或發展遲緩證明之2至6歲身心障礙者","type":"日間托育","twd97X":"293658.85","twd97Y":"2772648.74","wgs84aX":"121.432735462359","wgs84aY":"25.0614048523463"},{"no":"13","title":"新北市立八里愛心教養院附設三峽日間托育中心","address":"新北市三峽區光明路71號","tel":"TEL:2673-3523。FAX:2673-3512","subjects":"1.設籍在新北市\n2.2-6歲以之身心障礙者或發展遲緩兒童","type":"日間托育","twd97X":"287988.67","twd97Y":"2757888.16","wgs84aX":"121.376129276097","wgs84aY":"24.9282965689493"},{"no":"14","title":"新北市立八里愛心教養院附設三重日間托育中心","address":"新北市三重區光復路1段76號1、2樓","tel":"TEL:8512-4112。FAX:8512-2514","subjects":"0-6歲智障、腦性麻痹、多重障礙者","type":"日間托育","twd97X":"297615.21","twd97Y":"2771399.32","wgs84aX":"121.471905771274","wgs84aY":"25.0500056169668"},{"no":"15","title":"新北市立八里愛心教養院","address":"新北市八里區華富山37號","tel":"TEL:2610-6677。FAX:2610-1929","subjects":"1.設籍在新北市\n2.2-18歲重度、極重度以上，不具行動能力之身心障礙者","type":"住宿教養 日間托育","twd97X":"291575.84","twd97Y":"2781675.86","wgs84aX":"121.412362854149","wgs84aY":"25.1429606487607"},{"no":"16","title":"財團法人新北市私立樂山園社會福利慈善事業基金會附設樂山教養院","address":"新北市八里區中華路三段187號","tel":"TEL:2610-1643。FAX:2610-1644","subjects":"領有身心障礙手冊者","type":"住宿教養","twd97X":"289671.41","twd97Y":"2780088.59","wgs84aX":"121.393428536566","wgs84aY":"25.1286821116554"},{"no":"17","title":"財團法人中華啟能基金會附設春暉啟能中心","address":"新北市三峽區大埔路220號","tel":"TEL:2671-3001。FAX:2974-3649；2671-3003","subjects":"15歲以上智障、多重障礙","type":"住宿教養","twd97X":"287673.14","twd97Y":"2753925.33","wgs84aX":"121.372897717139","wgs84aY":"24.8925268798197"},{"no":"18","title":"財團法人台灣省私立佛教懷仁社會福利慈善事業基金會附設新北市私立佛教中道淨苑","address":"新北市樹林區學成路683、685號1-3樓","tel":"TEL:8970-1988；8970-1989。FAX:8970-1701","subjects":"1.15歲以上領有智能障礙手冊者\n2.合併智能障礙之多重障礙者，經評估需日間訓練或住宿服務者","type":"住宿教養\n日間托育","twd97X":"288670.36","twd97Y":"2759919.52","wgs84aX":"121.382935366256","wgs84aY":"24.946619089464"},{"no":"19","title":"財團法人陽光社會福利基金會附設新北市私立陽光之家","address":"新北市新店區中興路1段282號2樓","tel":"TEL:8911-7320。FAX:8911-7321","subjects":"顏面損傷及燒傷者(手冊類別為顏損、肢障、多重障、精障、其他或無手冊)","type":"住宿\n(夜間)","twd97X":"305103.9","twd97Y":"2762404.45","wgs84aX":"121.545763310313","wgs84aY":"24.9685460058248"},{"no":"20","title":"財團法人創世社會福利基金會附設新北市私立板橋創世清寒植物人安養院","address":"新北市板橋區四川路2段16巷10號3樓","tel":"TEL:8966-4306。FAX:2321-4590；8967-5350","subjects":"清寒植物人及近似植物人之重度以上臥床失智症者","type":"住宿教養","twd97X":"296041.5","twd97Y":"2765560.32","wgs84aX":"121.456114459642","wgs84aY":"24.9973394829031"},{"no":"21","title":"財團法人創世社會福利基金會附設新北市私立新店創世清寒植物人安養院","address":"新北市新店區中正路493號3樓","tel":"TEL:8667-6515。FAX:8667-6526","subjects":"清寒植物人及近似植物人之重度以上臥床失智症者","type":"住宿教養","twd97X":"303871.18","twd97Y":"2763981.34","wgs84aX":"121.533616029209","wgs84aY":"24.9828263787429"},{"no":"22","title":"新北市政府社會局委託天主教耕莘醫療財團法人永和耕莘醫院辦理新北市愛維養護中心","address":"新北市八里區華富山35號","tel":"TEL:8630-4104。FAX:8630-4064","subjects":"設籍新北市18歲以上身心障礙者及多重障礙者","type":"住宿教養","twd97X":"291533.24","twd97Y":"2781846.98","wgs84aX":"121.411945501183","wgs84aY":"25.1445066596985"},{"no":"23","title":"新北市政府社會局委託財團法人育成社會福利基金會辦理新北市愛育發展中心","address":"新北市淡水區沙崙路300號2-3樓","tel":"TEL:2805-3791。FAX:2805-7783","subjects":"設籍新北市15歲以上心智障礙者(包括智障者、自閉症及合併多重障礙者)","type":"住宿教養","twd97X":"293093.13","twd97Y":"2786579","wgs84aX":"121.427565792914","wgs84aY":"25.1871831391397"},{"no":"24","title":"新北市政府委託財團法人伊甸社會福利基金會辦理新北市愛德養護中心","address":"新北市淡水區沙崙路300號4-6樓","tel":"TEL:2805-7964。FAX:2239-5620；2805-6935","subjects":"設籍新北市18歲以上失智症、極重度身障者","type":"住宿教養","twd97X":"293093.13","twd97Y":"2786579","wgs84aX":"121.427565792914","wgs84aY":"25.1871831391397"},{"no":"25","title":"新北市政府委託財團法人伊甸社會福利基金會辦理新北市愛滬發展中心","address":"新北市淡水區沙崙路300號9樓","tel":"TEL:2805-2056。FAX:2805-2123","subjects":"設籍新北市且領有新北市核發身心障礙手冊或證明之18歲以上64歲以下肢體障礙輕度或中度且需緊急保護安置者","type":"住宿教養","twd97X":"293093.13","twd97Y":"2786579","wgs84aX":"121.427565792914","wgs84aY":"25.1871831391397"},{"no":"26","title":"新北市政府社會局委託財團法人第一社會福利基金會辦理新北市愛新發展中心","address":"新北市三重區光復路二段122號","tel":"TEL:2999-0258。FAX:2999-0257","subjects":"設籍新北市且領有新北市所核發身心障礙手冊(證明)之15歲以上心智障礙者、合併心智障礙之多重障礙者或需緊急保護安置之身心障礙者","type":"住宿教養","twd97X":"297614.97","twd97Y":"2772383.34","wgs84aX":"121.471937319046","wgs84aY":"25.0588893498153"},{"no":"27","title":"新北市政府社會局委託財團法人心路社會福利基金會辦理新北市愛重服務中心","address":"新北市三重區光復路二段126巷2號","tel":"TEL:8512-2278。FAX:8512-2276","subjects":"設籍新北市且領有新北市所核發身心障礙手冊(證明)之15歲以上經評估需生活重建訓練之身心障礙者或需緊急保護安置之身心障礙者","type":"住宿教養","twd97X":"297600.9","twd97Y":"2772382.21","wgs84aX":"121.471797843446","wgs84aY":"25.058879630943"},{"no":"28","title":"新北市政府社會局委託財團法人伊甸社會福利基金會辦理新北市愛悅養護中心","address":"新北市三重區光復路二段126巷6號","tel":"TEL:2278-9525。FAX:2999-2538","subjects":"設籍新北市且領有新北市所核發身心障礙手冊(證明)之18歲以上植物人、失智症、重癱、長期臥床、身心功能退化或需緊急保護安置之身心障礙者","type":"住宿教養","twd97X":"297585.21","twd97Y":"2772380.01","wgs84aX":"121.471642275205","wgs84aY":"25.0588601928243"},{"no":"29","title":"財團法人伊甸社會福利基金會附設新北市三峽身心障礙福利服務中心","address":"新北市三峽區國光街12巷10號","tel":"TEL:2674-1778。FAX:2674-4380","subjects":"各類身心障礙者","type":"綜合福利服務中心","twd97X":"287978.16","twd97Y":"2758881.45","wgs84aX":"121.376052412852","wgs84aY":"24.9372645831646"},{"no":"30","title":"新北市政府委託社團法人台北市康復之友協會辦理新北市慈芳關懷中心","address":"新北市土城區中正路18號6樓","tel":"TEL:8262-1305。FAX:8262-1307","subjects":"精障者及其他嚴重心理疾病患者","type":"綜合福利服務中心","twd97X":"294726.77","twd97Y":"2763089.77","wgs84aX":"121.443010338837","wgs84aY":"24.9750743490154"},{"no":"31","title":"新北市政府社會局委託財團法人伊甸社會福利基金會辦理新北市愛明發展中心","address":"新北市板橋區廣權路130號3樓","tel":"TEL:2963-6866。FAX:2961-7866","subjects":"1.設籍本市0至6歲領有本市所核發之身心障礙手冊視覺障礙或含視覺障礙之多重障礙幼兒及未上小學前領有發展池緩證明的視障兒童 2.設籍本市6至15歲領有本市所核發身心障礙手冊之學齡視覺障礙者或含視覺障礙之多重障礙兒童 3.設籍本市15歲以上領有本市所核發身心障礙手冊之視覺障礙者或含視覺障礙之多重障礙者","type":"綜合福利服務中心","twd97X":"297005.24","twd97Y":"2765082.15","wgs84aX":"121.465645337474","wgs84aY":"24.9929929443711"},{"no":"32","title":"臺北市政府社會局委託經營管理崇愛發展中心","address":"新北市中和區圓通路143之1號","tel":"TEL:2246-0820。FAX:2247-0360","subjects":"15-40歲領有身心障礙手冊之智能障礙、自閉症及合併智能障礙之多重障礙者","type":"住宿教養","twd97X":"300335.52","twd97Y":"2765396.63","wgs84aX":"121.498646409136","wgs84aY":"24.9957251454986"}]