[{"no":"1","title":"三重五華日間照顧中心","entrust_unit":"財團法人第一社會福利基金會","tel":"89825885","address":"新北市三重區五華街7巷30號1樓","twd97X":"300043.46","twd97Y":"2774818.56","wgs84aX":"121.496095335564","wgs84aY":"25.0807960065378"},{"no":"2","title":"淡水沙崙日照中心","entrust_unit":"財團法人伊甸社會福利基金會","tel":"28055731","address":"新北市淡水區沙崙路300號1樓","twd97X":"293093.13","twd97Y":"2786579","wgs84aX":"121.427565792914","wgs84aY":"25.1871831391397"},{"no":"3","title":"新北市身心障礙者社區樂活補給站","entrust_unit":"財團法人心光視障教育基金會","tel":"2998-5588 分機300/128","address":"新北市新莊區中正路384號","twd97X":"294673.38","twd97Y":"2769637.06","wgs84aX":"121.442693350528","wgs84aY":"25.0341856198696"}]