[{"no":"1","title":"新北市樂智身心障礙者家庭資源中心","entrust_unit":"財團法人第一社會福利基金會","tel":"2960-1071","address":"新北市板橋區中正路10號5樓","area":"板橋區、八里區、蘆洲區","note":"","twd97X":"296072.28","twd97Y":"2767379.09","wgs84aX":"121.456480054965","wgs84aY":"25.0137585483592"},{"no":"2","title":"新北市樂慧身心障礙者家庭資源中心","entrust_unit":"財團法人廣青文教基金會","tel":"2997-1951","address":"新北市新莊區中港路172號2樓","area":"石門區、三芝區、金山區、萬里區、淡水區、林口區、泰山區、五股區、新莊區","note":"","twd97X":"295906.48","twd97Y":"2770428.51","wgs84aX":"121.454938901342","wgs84aY":"25.0412938822064"},{"no":"3","title":"新北市樂圓身心障礙者家庭資源中心","entrust_unit":"財團法人伊甸社會福利基金會","tel":"2948-0719","address":"新北市中和區南山路236號9樓","area":"鶯歌區、三峽區、永和區、中和區","note":"","twd97X":"301150.89","twd97Y":"2764733.13","wgs84aX":"121.506699030608","wgs84aY":"24.9897077288838"},{"no":"4","title":"新北市樂融身心障礙者家庭資源中心","entrust_unit":"社團法人新北市身心障礙者福利促進協會","tel":"2977-1866、2496-0588","address":"新北市三重區重新路3段150號5樓","area":"平溪區、雙溪區、貢寮區、瑞芳區、汐止區、三重區","note":"","twd97X":"299570.92","twd97Y":"2772461.23","wgs84aX":"121.49132603699","wgs84aY":"25.0595296782396"},{"no":"5","title":"新北市樂康身心障礙者家庭資源中心","entrust_unit":"財團法人陽光社會福利基金會","tel":"2218-6206","address":"新北市新店區民族路110號3樓","area":"樹林區、土城區、烏來區、坪林區、石碇區、深坑區、新店區","note":"","twd97X":"304271.73","twd97Y":"2763329.87","wgs84aX":"121.537557933122","wgs84aY":"24.9769306629604"},{"no":"6","title":"新北市樂欣身心障礙者家庭資源中心","entrust_unit":"社團法人新北市康復之友協會","tel":"2257-8822","address":"新北市板橋區莒光路39巷10號2樓","area":"新北市29區","note":"專責服務單一障別之精障者","twd97X":"297520.11","twd97Y":"2768629.16","wgs84aX":"121.470867784627","wgs84aY":"25.0249994711664"},{"no":"7","title":"新北市愛明發展中心","entrust_unit":"財團法人伊甸社會福利基金會","tel":"2963-6866","address":"新北市板橋區廣權路130號3樓","area":"新北市29區","note":"專責服務視障或合併其他障別之視障者","twd97X":"297005.24","twd97Y":"2765082.15","wgs84aX":"121.465645337474","wgs84aY":"24.9929929443711"}]