[{"no":"1","title":"春暉啟能工作站","entrust_unit":"財團法人中華啟能基金會","tel":"29763906","address":"三重區重新路4段184巷25弄19號","twd97X":"299196.42","twd97Y":"2771857.61","wgs84aX":"121.48759276876","wgs84aY":"25.0540924775218"},{"no":"2","title":"星悅小站","entrust_unit":"社團法人新北市自閉症服務協進會","tel":"82827805","address":"蘆洲區長榮路55號2樓","twd97X":"296650.86","twd97Y":"2775074.29","wgs84aX":"121.462472992245","wgs84aY":"25.0832133037652"},{"no":"3","title":"新莊中港小作所","entrust_unit":"財團法人中華民國唐氏症基金會","tel":"89922131","address":"新莊區中港路172號3樓","twd97X":"295906.48","twd97Y":"2770428.51","wgs84aX":"121.454938901342","wgs84aY":"25.0412938822064"},{"no":"4","title":"林口文化小作所","entrust_unit":"財團法人中華民國唐氏症基金會","tel":"26068031","address":"林口區文化北路1段425號1樓","twd97X":"286914.44","twd97Y":"2774516.36","wgs84aX":"121.365937910509","wgs84aY":"25.0784456945864"},{"no":"5","title":"三重五華日間照顧中心","entrust_unit":"財團法人第一社會福利基金會","tel":"89825885","address":"三重區五華街7巷30號1樓","twd97X":"300043.46","twd97Y":"2774818.56","wgs84aX":"121.496095335564","wgs84aY":"25.0807960065378"},{"no":"6","title":"汐止大同小作所","entrust_unit":"財團法人伊甸社會福利基金會","tel":"26902297","address":"汐止區大同路二段240號9樓","twd97X":"315984.8","twd97Y":"2773190.14","wgs84aX":"121.654041145084","wgs84aY":"25.065482773949"},{"no":"7","title":"育成恆德站","entrust_unit":"財團法人育成社會福利基金會","tel":"29813892","address":"三重區三和路四段15號5樓","twd97X":"299566.25","twd97Y":"2774092.41","wgs84aX":"121.491338504629","wgs84aY":"25.0742560261646"},{"no":"8","title":"三重重新小作所","entrust_unit":"財團法人中華民國唐氏症基金會","tel":"29724321","address":"三重區重新路3段150號5樓","twd97X":"299570.92","twd97Y":"2772461.23","wgs84aX":"121.49132603699","wgs84aY":"25.0595296782396"},{"no":"9","title":"肯納板橋小作所","entrust_unit":"肯納板橋小作所","tel":"77136563","address":"板橋區公園街22號","twd97X":"296697.92","twd97Y":"2766833.2","wgs84aX":"121.462660224903","wgs84aY":"25.0088110396355"},{"no":"10","title":"樹林星樂小站","entrust_unit":"社團法人新北市自閉症服務協進會","tel":"26845933","address":"樹林區保安街一段11號2樓之2","twd97X":"293002.17","twd97Y":"2765158.54","wgs84aX":"121.425993224813","wgs84aY":"24.9938013861744"},{"no":"11","title":"廣青中和小作所","entrust_unit":"財團法人廣青文教基金會","tel":"22426830","address":"中和區中山路2段122號3樓之1","twd97X":"300741.95","twd97Y":"2766290.07","wgs84aX":"121.502705377894","wgs84aY":"25.003777614584"},{"no":"12","title":"小胖威利北區小作所","entrust_unit":"社團法人中華民國小胖威利病友關懷協會","tel":"22180866","address":"新店區中正路512號2樓","twd97X":"303898.44","twd97Y":"2764014.41","wgs84aX":"121.53388725341","wgs84aY":"24.9831239940693"}]